{"mean":{"confidence_interval":{"confidence_level":0.95,"lower_bound":-0.0936604573862132,"upper_bound":-0.012479947473801567},"point_estimate":-0.04681539557529635,"standard_error":0.021276090255321185},"median":{"confidence_interval":{"confidence_level":0.95,"lower_bound":-0.03661272716070407,"upper_bound":-0.003478176162272084},"point_estimate":-0.02048704551371816,"standard_error":0.008550908216483707}}