{"mean":{"confidence_interval":{"confidence_level":0.95,"lower_bound":0.03781944463386643,"upper_bound":0.13225421469646215},"point_estimate":0.07286330911066008,"standard_error":0.025140224089325234},"median":{"confidence_interval":{"confidence_level":0.95,"lower_bound":0.03428190652775278,"upper_bound":0.06119141366136538},"point_estimate":0.04810704867285054,"standard_error":0.006824524122789907}}