{"mean":{"confidence_interval":{"confidence_level":0.95,"lower_bound":-0.1526720927726957,"upper_bound":-0.12832383054883062},"point_estimate":-0.14109247365989686,"standard_error":0.006276524817720975},"median":{"confidence_interval":{"confidence_level":0.95,"lower_bound":-0.15865313908786102,"upper_bound":-0.13177117099799085},"point_estimate":-0.14428703371793072,"standard_error":0.006812886288811044}}