{"mean":{"confidence_interval":{"confidence_level":0.95,"lower_bound":0.1860082528553985,"upper_bound":0.26643914991133766},"point_estimate":0.22396919791342174,"standard_error":0.020694444278910318},"median":{"confidence_interval":{"confidence_level":0.95,"lower_bound":0.15824525781795495,"upper_bound":0.24622749113493714},"point_estimate":0.20186699212797365,"standard_error":0.02135438241301555}}