{"mean":{"confidence_interval":{"confidence_level":0.95,"lower_bound":-0.18088522204358468,"upper_bound":-0.1447723942596284},"point_estimate":-0.1634372784762994,"standard_error":0.009408833655659045},"median":{"confidence_interval":{"confidence_level":0.95,"lower_bound":-0.1913544614780326,"upper_bound":-0.1291646473821565},"point_estimate":-0.16308758260663125,"standard_error":0.015569278960702598}}