{"mean":{"confidence_interval":{"confidence_level":0.95,"lower_bound":-0.005279831415327245,"upper_bound":0.017590241757083163},"point_estimate":0.006015246370078886,"standard_error":0.005833682298180505},"median":{"confidence_interval":{"confidence_level":0.95,"lower_bound":0.004068521253074886,"upper_bound":0.025187047469584112},"point_estimate":0.01692349370229751,"standard_error":0.005809314300223717}}