{"mean":{"confidence_interval":{"confidence_level":0.95,"lower_bound":0.14688815803776045,"upper_bound":0.17657641276541164},"point_estimate":0.16169945077878056,"standard_error":0.0075850331467432796},"median":{"confidence_interval":{"confidence_level":0.95,"lower_bound":0.1415719808242062,"upper_bound":0.16672773221362136},"point_estimate":0.15648824981358112,"standard_error":0.005974709136378965}}