{"mean":{"confidence_interval":{"confidence_level":0.95,"lower_bound":0.05373388773755927,"upper_bound":0.1153761454662229},"point_estimate":0.08517471818607203,"standard_error":0.01572256669742751},"median":{"confidence_interval":{"confidence_level":0.95,"lower_bound":0.036024477500716356,"upper_bound":0.10391367802968719},"point_estimate":0.05914901325162769,"standard_error":0.018565831105109825}}