{"mean":{"confidence_interval":{"confidence_level":0.95,"lower_bound":0.11122475517477844,"upper_bound":0.14850212872383226},"point_estimate":0.13072473119773953,"standard_error":0.009488441152449019},"median":{"confidence_interval":{"confidence_level":0.95,"lower_bound":0.129273986197886,"upper_bound":0.1652730125944355},"point_estimate":0.14423259476678063,"standard_error":0.009226795728818932}}