{"mean":{"confidence_interval":{"confidence_level":0.95,"lower_bound":-0.5526529944052853,"upper_bound":-0.529737894279952},"point_estimate":-0.5410968610600185,"standard_error":0.005812143894255091},"median":{"confidence_interval":{"confidence_level":0.95,"lower_bound":-0.5665569854990097,"upper_bound":-0.5437651307852964},"point_estimate":-0.553379902943995,"standard_error":0.005494861981437941}}