{"mean":{"confidence_interval":{"confidence_level":0.95,"lower_bound":0.4211073748078624,"upper_bound":0.46803145545407093},"point_estimate":0.44344544639775596,"standard_error":0.011935972698639928},"median":{"confidence_interval":{"confidence_level":0.95,"lower_bound":0.4126626191387461,"upper_bound":0.4525874422784253},"point_estimate":0.4306978523653533,"standard_error":0.010010288265759601}}