{"mean":{"confidence_interval":{"confidence_level":0.95,"lower_bound":-0.01852421759100915,"upper_bound":0.0021098369874293955},"point_estimate":-0.008328795253125576,"standard_error":0.005218530309681543},"median":{"confidence_interval":{"confidence_level":0.95,"lower_bound":-0.021067050787278774,"upper_bound":0.0041959235381734405},"point_estimate":-0.006598218473084061,"standard_error":0.006172355002786039}}