{"mean":{"confidence_interval":{"confidence_level":0.95,"lower_bound":-0.1091614393915054,"upper_bound":-0.05826597256985753},"point_estimate":-0.0847007337715201,"standard_error":0.012928362823553379},"median":{"confidence_interval":{"confidence_level":0.95,"lower_bound":-0.10268118397393289,"upper_bound":-0.04410658004561463},"point_estimate":-0.06754419146708246,"standard_error":0.01569981545795428}}