{"mean":{"confidence_interval":{"confidence_level":0.95,"lower_bound":-0.05401621474857422,"upper_bound":-0.022254252855652322},"point_estimate":-0.0378423858373238,"standard_error":0.008111895698924789},"median":{"confidence_interval":{"confidence_level":0.95,"lower_bound":-0.030906971448177112,"upper_bound":-0.006268734735214054},"point_estimate":-0.018177380950159305,"standard_error":0.0060570789973912985}}