{"mean":{"confidence_interval":{"confidence_level":0.95,"lower_bound":-0.014324605211012075,"upper_bound":-0.0074068147833277745},"point_estimate":-0.010907722757831695,"standard_error":0.0017553327044652627},"median":{"confidence_interval":{"confidence_level":0.95,"lower_bound":-0.019933271894270424,"upper_bound":-0.006831796190466144},"point_estimate":-0.013669907690453287,"standard_error":0.003519984397037701}}