{"mean":{"confidence_interval":{"confidence_level":0.95,"lower_bound":-0.05867154452657336,"upper_bound":-0.014856760468896337},"point_estimate":-0.033931302863775326,"standard_error":0.01134322998563634},"median":{"confidence_interval":{"confidence_level":0.95,"lower_bound":-0.027758794861799108,"upper_bound":-0.015573296382476176},"point_estimate":-0.01967893727461878,"standard_error":0.003177117866117875}}