{"mean":{"confidence_interval":{"confidence_level":0.95,"lower_bound":-0.000939830670551478,"upper_bound":0.021236812300057265},"point_estimate":0.009507720060753844,"standard_error":0.005581611438597614},"median":{"confidence_interval":{"confidence_level":0.95,"lower_bound":-0.006731970600893256,"upper_bound":0.002461538596965074},"point_estimate":-0.0022124853201841432,"standard_error":0.002347747103617429}}