{"mean":{"confidence_interval":{"confidence_level":0.95,"lower_bound":-0.002127961742807449,"upper_bound":0.006550963203490917},"point_estimate":0.001434409404313719,"standard_error":0.0023819456690842853},"median":{"confidence_interval":{"confidence_level":0.95,"lower_bound":-0.001941314466048949,"upper_bound":-0.00043019393676042714},"point_estimate":-0.0011815039307754294,"standard_error":0.00037828368515045285}}