{"mean":{"confidence_interval":{"confidence_level":0.95,"lower_bound":0.008575892003951301,"upper_bound":0.03760518137215995},"point_estimate":0.021225436050867463,"standard_error":0.007643835590217474},"median":{"confidence_interval":{"confidence_level":0.95,"lower_bound":0.0063829186799109205,"upper_bound":0.015492702071115819},"point_estimate":0.012120903365515634,"standard_error":0.0022901630814423017}}