{"mean":{"confidence_interval":{"confidence_level":0.95,"lower_bound":0.010418303821911334,"upper_bound":0.024586618957723707},"point_estimate":0.017028895207388928,"standard_error":0.003622720211989117},"median":{"confidence_interval":{"confidence_level":0.95,"lower_bound":0.002304735852207407,"upper_bound":0.012636873036307117},"point_estimate":0.0041636139488423485,"standard_error":0.0028380303791592384}}