{"mean":{"confidence_interval":{"confidence_level":0.95,"lower_bound":-0.011563516221472987,"upper_bound":0.037174237448030625},"point_estimate":0.013261980858598532,"standard_error":0.012480430193357539},"median":{"confidence_interval":{"confidence_level":0.95,"lower_bound":0.001620104176888662,"upper_bound":0.012279277348212325},"point_estimate":0.005890535551232201,"standard_error":0.002766722422498243}}