{"mean":{"confidence_interval":{"confidence_level":0.95,"lower_bound":-0.010528116716135995,"upper_bound":-0.004265524881514449},"point_estimate":-0.007295466651029425,"standard_error":0.00158830268859905},"median":{"confidence_interval":{"confidence_level":0.95,"lower_bound":-0.01308498601146213,"upper_bound":-0.006200107848290171},"point_estimate":-0.010353230603465824,"standard_error":0.001754247772962293}}