{"mean":{"confidence_interval":{"confidence_level":0.95,"lower_bound":-0.46239009940167713,"upper_bound":-0.4538832531190426},"point_estimate":-0.45736370012993965,"standard_error":0.0022223671971485543},"median":{"confidence_interval":{"confidence_level":0.95,"lower_bound":-0.4568193286124368,"upper_bound":-0.4521516960200599},"point_estimate":-0.45511657593159693,"standard_error":0.0012308480973113871}}