{"mean":{"confidence_interval":{"confidence_level":0.95,"lower_bound":-0.02800362435570347,"upper_bound":-0.0007333728845837238},"point_estimate":-0.012519704369416518,"standard_error":0.0070381717338989565},"median":{"confidence_interval":{"confidence_level":0.95,"lower_bound":-0.004014161106958847,"upper_bound":0.0034070451913794653},"point_estimate":-0.00041130408355827264,"standard_error":0.0018668358842758152}}