{"mean":{"confidence_interval":{"confidence_level":0.95,"lower_bound":-0.06265790195995095,"upper_bound":-0.05713714090393051},"point_estimate":-0.05981057669082912,"standard_error":0.001406124244888543},"median":{"confidence_interval":{"confidence_level":0.95,"lower_bound":-0.06268856587711424,"upper_bound":-0.058674000062018505},"point_estimate":-0.06060304612814571,"standard_error":0.0010062927836611989}}