{"mean":{"confidence_interval":{"confidence_level":0.95,"lower_bound":-0.01330263140011906,"upper_bound":-0.004857276365261978},"point_estimate":-0.009496538727115422,"standard_error":0.002180873526988139},"median":{"confidence_interval":{"confidence_level":0.95,"lower_bound":-0.01606757932758592,"upper_bound":-0.007379838788757254},"point_estimate":-0.012243823438273238,"standard_error":0.002166872593475612}}