{"mean":{"confidence_interval":{"confidence_level":0.95,"lower_bound":0.013208270353593449,"upper_bound":0.05630069283250937},"point_estimate":0.03076627404346466,"standard_error":0.011632625370390524},"median":{"confidence_interval":{"confidence_level":0.95,"lower_bound":0.011129224868438925,"upper_bound":0.01836449376606275},"point_estimate":0.015732394346219314,"standard_error":0.001990022726999602}}