{"mean":{"confidence_interval":{"confidence_level":0.95,"lower_bound":-0.04711147482928043,"upper_bound":-0.01134084675657652},"point_estimate":-0.026794434381540166,"standard_error":0.009275505859894393},"median":{"confidence_interval":{"confidence_level":0.95,"lower_bound":-0.015528322038216746,"upper_bound":-0.006661176504361488},"point_estimate":-0.01058379960933975,"standard_error":0.002299566598546567}}