{"mean":{"confidence_interval":{"confidence_level":0.95,"lower_bound":0.0007413579100368941,"upper_bound":0.0074983854645149},"point_estimate":0.004198793984057314,"standard_error":0.0017210326690397615},"median":{"confidence_interval":{"confidence_level":0.95,"lower_bound":0.0020027275143490453,"upper_bound":0.009400410118260982},"point_estimate":0.00557995050086757,"standard_error":0.001775904710813712}}