{"mean":{"confidence_interval":{"confidence_level":0.95,"lower_bound":0.007514946186187921,"upper_bound":0.014058874625883448},"point_estimate":0.01083566042631201,"standard_error":0.0016724063457510601},"median":{"confidence_interval":{"confidence_level":0.95,"lower_bound":0.005608558252532259,"upper_bound":0.01814314960809149},"point_estimate":0.011741056279147566,"standard_error":0.0034250345753976926}}