{"mean":{"confidence_interval":{"confidence_level":0.95,"lower_bound":0.0038076721176401487,"upper_bound":0.009720161257637649},"point_estimate":0.006749995173297885,"standard_error":0.0015099249111255766},"median":{"confidence_interval":{"confidence_level":0.95,"lower_bound":0.0036151487612418112,"upper_bound":0.007743313883587932},"point_estimate":0.0055045314956860825,"standard_error":0.0010962241039412363}}