{"mean":{"confidence_interval":{"confidence_level":0.95,"lower_bound":0.005230607859360887,"upper_bound":0.011572892790991428},"point_estimate":0.008319838526551937,"standard_error":0.0016301595790632751},"median":{"confidence_interval":{"confidence_level":0.95,"lower_bound":0.007008185516546175,"upper_bound":0.014249448452272828},"point_estimate":0.010913250331445301,"standard_error":0.0017808121813046615}}