{"mean":{"confidence_interval":{"confidence_level":0.95,"lower_bound":0.17588412059391245,"upper_bound":0.193102829748343},"point_estimate":0.18551088002342753,"standard_error":0.004440508151039231},"median":{"confidence_interval":{"confidence_level":0.95,"lower_bound":0.19016226415387827,"upper_bound":0.2019370186115801},"point_estimate":0.20048794609836862,"standard_error":0.003520223189383864}}