{"mean":{"confidence_interval":{"confidence_level":0.95,"lower_bound":-0.09867945997965842,"upper_bound":-0.09356760277732602},"point_estimate":-0.09618746572934134,"standard_error":0.0013105884423448508},"median":{"confidence_interval":{"confidence_level":0.95,"lower_bound":-0.09849108127197115,"upper_bound":-0.09450124885840316},"point_estimate":-0.09680277379874946,"standard_error":0.0010060187641684499}}