{"mean":{"confidence_interval":{"confidence_level":0.95,"lower_bound":-0.003405593550815921,"upper_bound":0.0074448430844536746},"point_estimate":0.0015411866854460055,"standard_error":0.0027415889723183314},"median":{"confidence_interval":{"confidence_level":0.95,"lower_bound":-0.004992978380900867,"upper_bound":0.002217889203626644},"point_estimate":-0.0013533901644888768,"standard_error":0.0018345479774802683}}