{"mean":{"confidence_interval":{"confidence_level":0.95,"lower_bound":730792.2676490863,"upper_bound":742038.1604106606},"point_estimate":735465.1726360883,"standard_error":2924.9362887512643},"median":{"confidence_interval":{"confidence_level":0.95,"lower_bound":727121.8847780128,"upper_bound":732202.6308353809},"point_estimate":729440.4296875,"standard_error":1273.2336099232684},"median_abs_dev":{"confidence_interval":{"confidence_level":0.95,"lower_bound":6121.943694680187,"upper_bound":13503.49234238814},"point_estimate":8921.250779686783,"standard_error":1954.9990123564637},"slope":{"confidence_interval":{"confidence_level":0.95,"lower_bound":728654.8755897424,"upper_bound":739562.3164920644},"point_estimate":733133.695738141,"standard_error":2817.9838223615},"std_dev":{"confidence_interval":{"confidence_level":0.95,"lower_bound":12209.387210533348,"upper_bound":46706.39710631381},"point_estimate":29396.400509702453,"standard_error":11217.344436063868}}