{"mean":{"confidence_interval":{"confidence_level":0.95,"lower_bound":-0.014917151787484335,"upper_bound":0.018657884501269848},"point_estimate":-0.0023968818065420727,"standard_error":0.00921113899300215},"median":{"confidence_interval":{"confidence_level":0.95,"lower_bound":-0.016318851358157804,"upper_bound":-0.0059271326338791175},"point_estimate":-0.01006373741301314,"standard_error":0.0026259737682845447}}