{"mean":{"confidence_interval":{"confidence_level":0.95,"lower_bound":-0.03989350327005852,"upper_bound":-0.012389595424761236},"point_estimate":-0.023153962275024864,"standard_error":0.0075001735422665855},"median":{"confidence_interval":{"confidence_level":0.95,"lower_bound":-0.022355941595477602,"upper_bound":-0.013045416052582326},"point_estimate":-0.019071318702344464,"standard_error":0.002401060753534256}}