{"mean":{"confidence_interval":{"confidence_level":0.95,"lower_bound":0.0034392924994740676,"upper_bound":0.013547112843724127},"point_estimate":0.008851046374608762,"standard_error":0.0025661479845347935},"median":{"confidence_interval":{"confidence_level":0.95,"lower_bound":0.005429573270984367,"upper_bound":0.01602733379650423},"point_estimate":0.0105198659947483,"standard_error":0.002635725318571105}}