{"mean":{"confidence_interval":{"confidence_level":0.95,"lower_bound":0.0021484238732950582,"upper_bound":0.01069237138736263},"point_estimate":0.0062865165196126505,"standard_error":0.0021858528427042894},"median":{"confidence_interval":{"confidence_level":0.95,"lower_bound":0.0008655907792360917,"upper_bound":0.010696662327807083},"point_estimate":0.006157246998638399,"standard_error":0.0025148159740764242}}