{"mean":{"confidence_interval":{"confidence_level":0.95,"lower_bound":-0.007166836026860665,"upper_bound":0.026051153412760174},"point_estimate":0.004667482944776813,"standard_error":0.008753388709573501},"median":{"confidence_interval":{"confidence_level":0.95,"lower_bound":-0.004709952794140548,"upper_bound":0.002292837993870922},"point_estimate":-0.0008617463936125835,"standard_error":0.0017735640190128736}}