{"mean":{"confidence_interval":{"confidence_level":0.95,"lower_bound":-0.029440240837935876,"upper_bound":-0.0030089261803308716},"point_estimate":-0.013100062267047963,"standard_error":0.007214133637279816},"median":{"confidence_interval":{"confidence_level":0.95,"lower_bound":-0.0140260081216379,"upper_bound":-0.0037143948985660646},"point_estimate":-0.00864125506293123,"standard_error":0.002483422100161035}}