{"mean":{"confidence_interval":{"confidence_level":0.95,"lower_bound":-0.010627995065431292,"upper_bound":0.021279089870469448},"point_estimate":0.001164632999029136,"standard_error":0.007642419181362106},"median":{"confidence_interval":{"confidence_level":0.95,"lower_bound":-0.011251756439740532,"upper_bound":-0.0019914125003720473},"point_estimate":-0.006907962125261791,"standard_error":0.0024109818077174636}}