{"mean":{"confidence_interval":{"confidence_level":0.95,"lower_bound":0.013761513412222029,"upper_bound":0.02238858957069422},"point_estimate":0.018149017040379745,"standard_error":0.002208128068153767},"median":{"confidence_interval":{"confidence_level":0.95,"lower_bound":0.013295497319974245,"upper_bound":0.021553900564133865},"point_estimate":0.017228993478272114,"standard_error":0.0020653018884922627}}