{"mean":{"confidence_interval":{"confidence_level":0.95,"lower_bound":-0.06841333128465164,"upper_bound":-0.023190589432828684},"point_estimate":-0.043441685401507835,"standard_error":0.011503028866922971},"median":{"confidence_interval":{"confidence_level":0.95,"lower_bound":-0.04985908017054663,"upper_bound":-0.0400529622446828},"point_estimate":-0.045105610725714174,"standard_error":0.002319309926152652}}