{"mean":{"confidence_interval":{"confidence_level":0.95,"lower_bound":-0.0012562435332667818,"upper_bound":0.008657150132275552},"point_estimate":0.0034772390514095086,"standard_error":0.0025296659402704777},"median":{"confidence_interval":{"confidence_level":0.95,"lower_bound":-0.0029474431367960685,"upper_bound":0.007723937914648538},"point_estimate":0.00231869270409657,"standard_error":0.0026877871937341473}}