{"mean":{"confidence_interval":{"confidence_level":0.95,"lower_bound":-0.1290848110394786,"upper_bound":-0.12168374097726795},"point_estimate":-0.1252461599854543,"standard_error":0.0018836696166581346},"median":{"confidence_interval":{"confidence_level":0.95,"lower_bound":-0.12934137793270534,"upper_bound":-0.12077817823605197},"point_estimate":-0.1255726165322545,"standard_error":0.002034328950892956}}