{"mean":{"confidence_interval":{"confidence_level":0.95,"lower_bound":-0.02097429055795245,"upper_bound":0.021725023775441405},"point_estimate":0.00012976920701945893,"standard_error":0.010672010282138262},"median":{"confidence_interval":{"confidence_level":0.95,"lower_bound":-0.0035083942857678796,"upper_bound":0.006445279946805549},"point_estimate":0.0029895968568116604,"standard_error":0.002630676572937544}}