{"mean":{"confidence_interval":{"confidence_level":0.95,"lower_bound":-0.012988473630428798,"upper_bound":-0.002991414305525511},"point_estimate":-0.007807142154246383,"standard_error":0.002540461971542829},"median":{"confidence_interval":{"confidence_level":0.95,"lower_bound":-0.013796367405427556,"upper_bound":0.0011353182038631449},"point_estimate":-0.007770428864870227,"standard_error":0.003494276182118798}}