{"mean":{"confidence_interval":{"confidence_level":0.95,"lower_bound":-0.037662190871185885,"upper_bound":0.00014043241905490882},"point_estimate":-0.017804780240118223,"standard_error":0.009590664242735877},"median":{"confidence_interval":{"confidence_level":0.95,"lower_bound":-0.015634073313513297,"upper_bound":-0.006873646187518512},"point_estimate":-0.011765018274121575,"standard_error":0.0022436543562485882}}