{"mean":{"confidence_interval":{"confidence_level":0.95,"lower_bound":-0.018824059156543345,"upper_bound":0.012535050985839707},"point_estimate":-0.007790288618927277,"standard_error":0.00840038357721706},"median":{"confidence_interval":{"confidence_level":0.95,"lower_bound":-0.02121304283929326,"upper_bound":-0.011370593699557063},"point_estimate":-0.015672296032592237,"standard_error":0.0024180467562585177}}