{"mean":{"confidence_interval":{"confidence_level":0.95,"lower_bound":-0.2184123240303188,"upper_bound":-0.004698373334095594},"point_estimate":-0.10506553160813603,"standard_error":0.05637964365549173},"median":{"confidence_interval":{"confidence_level":0.95,"lower_bound":0.0031431387260778543,"upper_bound":0.012261513391496281},"point_estimate":0.007480051550553535,"standard_error":0.002246048914409883}}