{"mean":{"confidence_interval":{"confidence_level":0.95,"lower_bound":-0.023459390526041263,"upper_bound":0.04852342690379464},"point_estimate":0.009395543024603548,"standard_error":0.01954287243209877},"median":{"confidence_interval":{"confidence_level":0.95,"lower_bound":-0.014278267824059387,"upper_bound":-0.005242668640612291},"point_estimate":-0.009234195229118503,"standard_error":0.002379844527545622}}