{"mean":{"confidence_interval":{"confidence_level":0.95,"lower_bound":0.013595174902800527,"upper_bound":0.02211934938661672},"point_estimate":0.017777989314740505,"standard_error":0.0021615440405735277},"median":{"confidence_interval":{"confidence_level":0.95,"lower_bound":0.009866550923934847,"upper_bound":0.01952799393128649},"point_estimate":0.012548225498610455,"standard_error":0.002521793870764168}}