{"mean":{"confidence_interval":{"confidence_level":0.95,"lower_bound":-0.010184622157619908,"upper_bound":0.03538774708691466},"point_estimate":0.0122730815906813,"standard_error":0.01121958665074602},"median":{"confidence_interval":{"confidence_level":0.95,"lower_bound":0.012837180825949736,"upper_bound":0.022098316189743894},"point_estimate":0.018481016731763944,"standard_error":0.0023581879335332293}}