{"mean":{"confidence_interval":{"confidence_level":0.95,"lower_bound":0.039664280815072006,"upper_bound":0.3539375278579806},"point_estimate":0.15423113106603936,"standard_error":0.07706699151356575},"median":{"confidence_interval":{"confidence_level":0.95,"lower_bound":0.010669108851399045,"upper_bound":0.01899903764981392},"point_estimate":0.01525599794207566,"standard_error":0.0020877778417622166}}