{"mean":{"confidence_interval":{"confidence_level":0.95,"lower_bound":-0.012637791466917842,"upper_bound":-0.0042190281679926},"point_estimate":-0.008477648594944709,"standard_error":0.0021434372810384215},"median":{"confidence_interval":{"confidence_level":0.95,"lower_bound":-0.014176736505810528,"upper_bound":-0.0034104055141425116},"point_estimate":-0.008904735597626057,"standard_error":0.002726482188271973}}