{"mean":{"confidence_interval":{"confidence_level":0.95,"lower_bound":-0.12452245481672017,"upper_bound":-0.10427060903416421},"point_estimate":-0.11255484425274787,"standard_error":0.005358988228263719},"median":{"confidence_interval":{"confidence_level":0.95,"lower_bound":-0.11169052407230284,"upper_bound":-0.10371084983581735},"point_estimate":-0.10733898099321171,"standard_error":0.0020381097539402338}}