{"mean":{"confidence_interval":{"confidence_level":0.95,"lower_bound":-0.14319131194763604,"upper_bound":-0.13711701362412587},"point_estimate":-0.14017227358156348,"standard_error":0.0015460364496218237},"median":{"confidence_interval":{"confidence_level":0.95,"lower_bound":-0.14495353962773583,"upper_bound":-0.13585904852108577},"point_estimate":-0.14087661366702398,"standard_error":0.002382294330743262}}