{"mean":{"confidence_interval":{"confidence_level":0.95,"lower_bound":-0.062252462491371424,"upper_bound":0.0003693558696043737},"point_estimate":-0.026363856358208038,"standard_error":0.016704040517051273},"median":{"confidence_interval":{"confidence_level":0.95,"lower_bound":-0.007874530341030472,"upper_bound":0.001699494302487503},"point_estimate":-0.00406827339142124,"standard_error":0.0023987938944732457}}