{"mean":{"confidence_interval":{"confidence_level":0.95,"lower_bound":15841343.505687501,"upper_bound":16643821.868687501},"point_estimate":16211645.215,"standard_error":205728.82701663204},"median":{"confidence_interval":{"confidence_level":0.95,"lower_bound":15381614.75,"upper_bound":15741244.875},"point_estimate":15563375.0,"standard_error":93262.93738861},"median_abs_dev":{"confidence_interval":{"confidence_level":0.95,"lower_bound":542244.5900751093,"upper_bound":984685.8224183321},"point_estimate":760056.544431299,"standard_error":112671.44405443336},"slope":null,"std_dev":{"confidence_interval":{"confidence_level":0.95,"lower_bound":1288105.3909447615,"upper_bound":2736829.830726494},"point_estimate":2073226.3051568067,"standard_error":369000.1026024178}}