{"mean":{"confidence_interval":{"confidence_level":0.95,"lower_bound":14504458.0245,"upper_bound":14845061.0375},"point_estimate":14630175.9325,"standard_error":96146.7536991861},"median":{"confidence_interval":{"confidence_level":0.95,"lower_bound":14472067.75,"upper_bound":14507458.375},"point_estimate":14487375.0,"standard_error":9637.17714605421},"median_abs_dev":{"confidence_interval":{"confidence_level":0.95,"lower_bound":72894.62225586176,"upper_bound":183085.7147745788},"point_estimate":120260.5408899486,"standard_error":29244.35397648719},"slope":null,"std_dev":{"confidence_interval":{"confidence_level":0.95,"lower_bound":183515.93458850644,"upper_bound":1630080.3495119035},"point_estimate":964886.0570471128,"standard_error":503653.9642343482}}