{"mean":{"confidence_interval":{"confidence_level":0.95,"lower_bound":14523210.754999999,"upper_bound":14597200.572875},"point_estimate":14559886.035,"standard_error":18872.881456993015},"median":{"confidence_interval":{"confidence_level":0.95,"lower_bound":14519619.75,"upper_bound":14569208.25},"point_estimate":14540500.0,"standard_error":13242.15941923006},"median_abs_dev":{"confidence_interval":{"confidence_level":0.95,"lower_bound":70199.81147870421,"upper_bound":159603.36976647377},"point_estimate":107056.13487437367,"standard_error":23090.67905941726},"slope":null,"std_dev":{"confidence_interval":{"confidence_level":0.95,"lower_bound":157276.11028162125,"upper_bound":217737.01776173725},"point_estimate":189639.52379161798,"standard_error":15406.310312822694}}