{"mean":{"confidence_interval":{"confidence_level":0.95,"lower_bound":16335582.5184375,"upper_bound":16419793.996125},"point_estimate":16377908.54,"standard_error":21555.662621929834},"median":{"confidence_interval":{"confidence_level":0.95,"lower_bound":16340250.0,"upper_bound":16442406.25},"point_estimate":16396265.625,"standard_error":28072.51955659741},"median_abs_dev":{"confidence_interval":{"confidence_level":0.95,"lower_bound":158360.20968854427,"upper_bound":255254.6043433249},"point_estimate":192652.93240472674,"standard_error":25166.461963007623},"slope":null,"std_dev":{"confidence_interval":{"confidence_level":0.95,"lower_bound":186478.10194313244,"upper_bound":243115.65464281966},"point_estimate":216802.82408853917,"standard_error":14472.775462994035}}