{"mean":{"confidence_interval":{"confidence_level":0.95,"lower_bound":16357186.802333334,"upper_bound":16876928.513166673},"point_estimate":16544393.483333334,"standard_error":153204.25247132042},"median":{"confidence_interval":{"confidence_level":0.95,"lower_bound":16321868.166666668,"upper_bound":16451555.5},"point_estimate":16398534.833333334,"standard_error":30425.83497344687},"median_abs_dev":{"confidence_interval":{"confidence_level":0.95,"lower_bound":201149.77462887947,"upper_bound":318841.0315394411},"point_estimate":268330.08593618916,"standard_error":31495.500942874976},"slope":null,"std_dev":{"confidence_interval":{"confidence_level":0.95,"lower_bound":211453.015633013,"upper_bound":2625538.3599117342},"point_estimate":1540397.6609955516,"standard_error":859159.9888883686}}