{"mean":{"confidence_interval":{"confidence_level":0.95,"lower_bound":43339514.78,"upper_bound":43455623.311},"point_estimate":43395048.73,"standard_error":29459.8678999192},"median":{"confidence_interval":{"confidence_level":0.95,"lower_bound":43273729.25,"upper_bound":43368375.0},"point_estimate":43318052.0,"standard_error":27702.86960245166},"median_abs_dev":{"confidence_interval":{"confidence_level":0.95,"lower_bound":140244.69126015902,"upper_bound":257586.1781269312},"point_estimate":187764.98561650515,"standard_error":30324.75254238758},"slope":null,"std_dev":{"confidence_interval":{"confidence_level":0.95,"lower_bound":220841.40750752785,"upper_bound":369554.1929691602},"point_estimate":296623.62001126615,"standard_error":38363.938699505255}}