{"mean":{"confidence_interval":{"confidence_level":0.95,"lower_bound":25587714.535,"upper_bound":26291950.446},"point_estimate":25847088.72,"standard_error":199035.5838160462},"median":{"confidence_interval":{"confidence_level":0.95,"lower_bound":25566979.0,"upper_bound":25828697.75},"point_estimate":25686698.0,"standard_error":69999.27269961042},"median_abs_dev":{"confidence_interval":{"confidence_level":0.95,"lower_bound":364411.2127304077,"upper_bound":616946.5433970094},"point_estimate":494694.3147674203,"standard_error":62579.52341515864},"slope":null,"std_dev":{"confidence_interval":{"confidence_level":0.95,"lower_bound":385827.05133538274,"upper_bound":3397252.394063421},"point_estimate":2005335.911533383,"standard_error":1059665.5006386333}}