{"mean":{"confidence_interval":{"confidence_level":0.95,"lower_bound":22256471.324083336,"upper_bound":22796358.763333324},"point_estimate":22453491.120000005,"standard_error":153340.70464361506},"median":{"confidence_interval":{"confidence_level":0.95,"lower_bound":22215173.5,"upper_bound":22325930.333333332},"point_estimate":22270715.333333336,"standard_error":28400.445004577912},"median_abs_dev":{"confidence_interval":{"confidence_level":0.95,"lower_bound":163045.2256053686,"upper_bound":268062.47664093605},"point_estimate":216459.5961570712,"standard_error":26206.21405446086},"slope":null,"std_dev":{"confidence_interval":{"confidence_level":0.95,"lower_bound":211087.86232325312,"upper_bound":2620298.1790332706},"point_estimate":1546283.8007131538,"standard_error":819358.3227852671}}