{"mean":{"confidence_interval":{"confidence_level":0.95,"lower_bound":22256495.5915,"upper_bound":22382521.953333326},"point_estimate":22317995.42,"standard_error":32140.920083970843},"median":{"confidence_interval":{"confidence_level":0.95,"lower_bound":22196319.666666668,"upper_bound":22363847.333333332},"point_estimate":22276132.0,"standard_error":43416.59290889314},"median_abs_dev":{"confidence_interval":{"confidence_level":0.95,"lower_bound":232335.7708752137,"upper_bound":391962.3680412714},"point_estimate":291845.3570187092,"standard_error":40210.4862361141},"slope":null,"std_dev":{"confidence_interval":{"confidence_level":0.95,"lower_bound":261968.6884362737,"upper_bound":388616.2216448174},"point_estimate":321409.4250294563,"standard_error":33639.273126963104}}