{"mean":{"confidence_interval":{"confidence_level":0.95,"lower_bound":26685043.9,"upper_bound":26824961.38},"point_estimate":26755354.3,"standard_error":35874.102614557305},"median":{"confidence_interval":{"confidence_level":0.95,"lower_bound":26671125.0,"upper_bound":26893427.0},"point_estimate":26739604.25,"standard_error":65257.706568448564},"median_abs_dev":{"confidence_interval":{"confidence_level":0.95,"lower_bound":279238.4387925267,"upper_bound":450370.5059543252},"point_estimate":349538.14044445753,"standard_error":42761.49020213313},"slope":null,"std_dev":{"confidence_interval":{"confidence_level":0.95,"lower_bound":306537.60736886226,"upper_bound":406787.33532118413},"point_estimate":359449.9385503473,"standard_error":25705.181669096135}}