{"mean":{"confidence_interval":{"confidence_level":0.95,"lower_bound":22079362.141083326,"upper_bound":23475569.903750006},"point_estimate":22692533.316666678,"standard_error":361325.9928918496},"median":{"confidence_interval":{"confidence_level":0.95,"lower_bound":21611729.166666668,"upper_bound":22075819.333333332},"point_estimate":21783270.833333336,"standard_error":148343.73944496186},"median_abs_dev":{"confidence_interval":{"confidence_level":0.95,"lower_bound":708538.4810209237,"upper_bound":1209354.8093746551},"point_estimate":998541.4604723481,"standard_error":131973.08860841722},"slope":null,"std_dev":{"confidence_interval":{"confidence_level":0.95,"lower_bound":1370308.7802207915,"upper_bound":5543815.123021166},"point_estimate":3651999.397908503,"standard_error":1105353.0222822397}}