{"mean":{"confidence_interval":{"confidence_level":0.95,"lower_bound":21080830.266666666,"upper_bound":21971657.50666666},"point_estimate":21469067.080000006,"standard_error":230533.43719730325},"median":{"confidence_interval":{"confidence_level":0.95,"lower_bound":20673708.333333332,"upper_bound":20969253.470833324},"point_estimate":20793326.333333332,"standard_error":85716.23917290207},"median_abs_dev":{"confidence_interval":{"confidence_level":0.95,"lower_bound":368764.56485561945,"upper_bound":706747.2531527281},"point_estimate":514142.9376721373,"standard_error":92775.01200738025},"slope":null,"std_dev":{"confidence_interval":{"confidence_level":0.95,"lower_bound":991323.8620515566,"upper_bound":3575171.576311573},"point_estimate":2339444.0675683077,"standard_error":723860.7743663868}}