{"mean":{"confidence_interval":{"confidence_level":0.95,"lower_bound":214144.91363408198,"upper_bound":222540.00277015782},"point_estimate":217668.17046205272,"standard_error":2190.7135817144585},"median":{"confidence_interval":{"confidence_level":0.95,"lower_bound":213209.7,"upper_bound":216035.35714285716},"point_estimate":214886.7855263158,"standard_error":631.1993907951806},"median_abs_dev":{"confidence_interval":{"confidence_level":0.95,"lower_bound":4498.19924896993,"upper_bound":7936.240028642032},"point_estimate":6920.755775816227,"standard_error":936.4201090600986},"slope":{"confidence_interval":{"confidence_level":0.95,"lower_bound":215557.28647998566,"upper_bound":222758.7907642686},"point_estimate":218558.26338525195,"standard_error":1865.2345913122538},"std_dev":{"confidence_interval":{"confidence_level":0.95,"lower_bound":5156.721820605134,"upper_bound":34518.4652699068},"point_estimate":22064.88342497781,"standard_error":7957.541604682363}}