{"mean":{"confidence_interval":{"confidence_level":0.95,"lower_bound":-0.05943727092492441,"upper_bound":0.027106048806577323},"point_estimate":-0.007426665808697774,"standard_error":0.024332503434357583},"median":{"confidence_interval":{"confidence_level":0.95,"lower_bound":0.007434222885131936,"upper_bound":0.016935365310920325},"point_estimate":0.013516062645854587,"standard_error":0.002415085013740391}}