{"mean":{"confidence_interval":{"confidence_level":0.95,"lower_bound":-0.026329811747722497,"upper_bound":-0.0029707777219374677},"point_estimate":-0.0147887401718656,"standard_error":0.005943529224485657},"median":{"confidence_interval":{"confidence_level":0.95,"lower_bound":-0.01809712666859431,"upper_bound":-0.010473246618255772},"point_estimate":-0.013878971444233112,"standard_error":0.0019233426699958895}}