{"mean":{"confidence_interval":{"confidence_level":0.95,"lower_bound":-0.03532249446009654,"upper_bound":-0.01631843238522404},"point_estimate":-0.02415231390062267,"standard_error":0.004987438976658679},"median":{"confidence_interval":{"confidence_level":0.95,"lower_bound":-0.020498741798927078,"upper_bound":-0.013270475786111069},"point_estimate":-0.01790255739810509,"standard_error":0.0018173892207571242}}