{"mean":{"confidence_interval":{"confidence_level":0.95,"lower_bound":0.001062985907149827,"upper_bound":0.022560786088785055},"point_estimate":0.011779384524708503,"standard_error":0.0054626667987178945},"median":{"confidence_interval":{"confidence_level":0.95,"lower_bound":0.009781612974497422,"upper_bound":0.0189726790286886},"point_estimate":0.014466709674587852,"standard_error":0.00236205971448813}}