{"mean":{"confidence_interval":{"confidence_level":0.95,"lower_bound":0.01884143683664054,"upper_bound":0.12279831171226843},"point_estimate":0.04978148276618155,"standard_error":0.02601624556572259},"median":{"confidence_interval":{"confidence_level":0.95,"lower_bound":0.025769205312286658,"upper_bound":0.035808462052636436},"point_estimate":0.02946761796197661,"standard_error":0.002446573822482826}}