{"mean":{"confidence_interval":{"confidence_level":0.95,"lower_bound":-0.0026765436095017095,"upper_bound":0.012927731677936607},"point_estimate":0.004050693497725577,"standard_error":0.004062149208178574},"median":{"confidence_interval":{"confidence_level":0.95,"lower_bound":-0.007770989558024133,"upper_bound":0.00027248708542393417},"point_estimate":-0.0039839067510551995,"standard_error":0.0020005754652086772}}