{"mean":{"confidence_interval":{"confidence_level":0.95,"lower_bound":0.0052162152870662845,"upper_bound":0.045424341183754054},"point_estimate":0.020741204246944367,"standard_error":0.011220946849592474},"median":{"confidence_interval":{"confidence_level":0.95,"lower_bound":0.0054480514067617855,"upper_bound":0.011942046994938949},"point_estimate":0.008376469730432046,"standard_error":0.0017950625540394931}}