{"mean":{"confidence_interval":{"confidence_level":0.95,"lower_bound":-0.05468769211959795,"upper_bound":-0.0166089659808617},"point_estimate":-0.030968596469931442,"standard_error":0.010634486991304424},"median":{"confidence_interval":{"confidence_level":0.95,"lower_bound":-0.023440650982939903,"upper_bound":-0.015711374180133575},"point_estimate":-0.01974469251684141,"standard_error":0.002010712595419468}}