{"mean":{"confidence_interval":{"confidence_level":0.95,"lower_bound":-0.04257488583192186,"upper_bound":0.013642519464911445},"point_estimate":-0.022960819692825818,"standard_error":0.014912706795363473},"median":{"confidence_interval":{"confidence_level":0.95,"lower_bound":-0.04728657954869381,"upper_bound":-0.03290028760420634},"point_estimate":-0.03902698559599804,"standard_error":0.0035515301987367855}}