{"mean":{"confidence_interval":{"confidence_level":0.95,"lower_bound":0.06127349490115344,"upper_bound":0.0888039082111046},"point_estimate":0.07490564780999809,"standard_error":0.007022994161166836},"median":{"confidence_interval":{"confidence_level":0.95,"lower_bound":0.05732782319223384,"upper_bound":0.10416530592028539},"point_estimate":0.09062083029421264,"standard_error":0.012533931780566884}}