{"mean":{"confidence_interval":{"confidence_level":0.95,"lower_bound":0.005576199393218133,"upper_bound":0.03674051275236024},"point_estimate":0.021509578695686038,"standard_error":0.007955334092272904},"median":{"confidence_interval":{"confidence_level":0.95,"lower_bound":0.019928273939740615,"upper_bound":0.04598305826499405},"point_estimate":0.03471957349572197,"standard_error":0.0064224135495531895}}