{"mean":{"confidence_interval":{"confidence_level":0.95,"lower_bound":0.006940416031400361,"upper_bound":0.03649964458826413},"point_estimate":0.02013488525676288,"standard_error":0.007529202170857962},"median":{"confidence_interval":{"confidence_level":0.95,"lower_bound":0.0036639929509802993,"upper_bound":0.030816951586558394},"point_estimate":0.016818305748434126,"standard_error":0.006955853124654767}}