{"mean":{"confidence_interval":{"confidence_level":0.95,"lower_bound":-0.07268246025406273,"upper_bound":0.011654535474506966},"point_estimate":-0.02317173865498634,"standard_error":0.022539904667284467},"median":{"confidence_interval":{"confidence_level":0.95,"lower_bound":-0.024696336032158817,"upper_bound":0.02299188002717578},"point_estimate":-0.011628253613098272,"standard_error":0.013349867547891135}}