{"mean":{"confidence_interval":{"confidence_level":0.95,"lower_bound":-0.018331555369037657,"upper_bound":0.031540977528233066},"point_estimate":0.009434039033116903,"standard_error":0.012861231538570156},"median":{"confidence_interval":{"confidence_level":0.95,"lower_bound":0.008021442318014712,"upper_bound":0.03276740587685745},"point_estimate":0.018911377764202042,"standard_error":0.006323707214495813}}