{"mean":{"confidence_interval":{"confidence_level":0.95,"lower_bound":-0.04690969993275841,"upper_bound":-0.024087653295022955},"point_estimate":-0.035648326401153896,"standard_error":0.005836097325624513},"median":{"confidence_interval":{"confidence_level":0.95,"lower_bound":-0.044478787006249534,"upper_bound":-0.02298641908666139},"point_estimate":-0.03314966021289967,"standard_error":0.005362317328167904}}