{"mean":{"confidence_interval":{"confidence_level":0.95,"lower_bound":-0.019121335895377744,"upper_bound":0.012632971221103401},"point_estimate":-0.003379493573655301,"standard_error":0.008001211606443105},"median":{"confidence_interval":{"confidence_level":0.95,"lower_bound":-0.013680407530071381,"upper_bound":0.01673742535102174},"point_estimate":0.004107036275414977,"standard_error":0.008078120215467324}}