{"mean":{"confidence_interval":{"confidence_level":0.95,"lower_bound":-0.10364745098653742,"upper_bound":0.026766845796327585},"point_estimate":-0.04026898578172011,"standard_error":0.032262692770452434},"median":{"confidence_interval":{"confidence_level":0.95,"lower_bound":-0.04762111639169164,"upper_bound":-0.026261581527513123},"point_estimate":-0.03473862816351447,"standard_error":0.005444602221452498}}