{"mean":{"confidence_interval":{"confidence_level":0.95,"lower_bound":-0.036098939377157774,"upper_bound":0.013209309684062585},"point_estimate":-0.01578536073453185,"standard_error":0.0124515355583951},"median":{"confidence_interval":{"confidence_level":0.95,"lower_bound":-0.04372318885191729,"upper_bound":-0.02039554229401963},"point_estimate":-0.03189456413532166,"standard_error":0.00607209190950216}}