{"mean":{"confidence_interval":{"confidence_level":0.95,"lower_bound":0.0023640894177384747,"upper_bound":0.023169050071950942},"point_estimate":0.012552381943776059,"standard_error":0.005325843684335942},"median":{"confidence_interval":{"confidence_level":0.95,"lower_bound":-0.0016512430579167514,"upper_bound":0.024157885910963052},"point_estimate":0.013569917632070938,"standard_error":0.006363441501773589}}