{"mean":{"confidence_interval":{"confidence_level":0.95,"lower_bound":-0.08237834220990081,"upper_bound":-0.0307909353834083},"point_estimate":-0.0514866154893735,"standard_error":0.013723487134059634},"median":{"confidence_interval":{"confidence_level":0.95,"lower_bound":-0.048577133692399355,"upper_bound":-0.023970683934212755},"point_estimate":-0.038046359802135665,"standard_error":0.006143747149962442}}