{"mean":{"confidence_interval":{"confidence_level":0.95,"lower_bound":0.20042518779658894,"upper_bound":0.2535291738257429},"point_estimate":0.22427453691994392,"standard_error":0.01350602473957428},"median":{"confidence_interval":{"confidence_level":0.95,"lower_bound":0.20085621910682416,"upper_bound":0.2492230436227207},"point_estimate":0.21696250426810448,"standard_error":0.012631069469313156}}