{"mean":{"confidence_interval":{"confidence_level":0.95,"lower_bound":-0.01748205802744978,"upper_bound":0.003444169145072583},"point_estimate":-0.0071354439205096876,"standard_error":0.005328499810696168},"median":{"confidence_interval":{"confidence_level":0.95,"lower_bound":-0.02643666680070922,"upper_bound":0.0007412040980254719},"point_estimate":-0.011976776108602816,"standard_error":0.006907048355618216}}