{"mean":{"confidence_interval":{"confidence_level":0.95,"lower_bound":-0.04343211065583966,"upper_bound":-0.005686074876344974},"point_estimate":-0.025137791140346866,"standard_error":0.00946939299291375},"median":{"confidence_interval":{"confidence_level":0.95,"lower_bound":-0.04592793184271493,"upper_bound":-0.02208416031457594},"point_estimate":-0.036520011137833874,"standard_error":0.005999203421384949}}