{"mean":{"confidence_interval":{"confidence_level":0.95,"lower_bound":-0.035766838675744324,"upper_bound":0.026403962139100328},"point_estimate":0.0013981489121901447,"standard_error":0.01658353413340416},"median":{"confidence_interval":{"confidence_level":0.95,"lower_bound":0.00963319218495578,"upper_bound":0.035202680212271575},"point_estimate":0.02407547412059774,"standard_error":0.006771506716972755}}