{"mean":{"confidence_interval":{"confidence_level":0.95,"lower_bound":-0.010487754748955446,"upper_bound":0.023892888918869835},"point_estimate":0.006924889604638995,"standard_error":0.008816902371210798},"median":{"confidence_interval":{"confidence_level":0.95,"lower_bound":-0.020997776835867454,"upper_bound":0.032103447635631666},"point_estimate":0.013940679436045711,"standard_error":0.013875970599646223}}