{"mean":{"confidence_interval":{"confidence_level":0.95,"lower_bound":167265.9994754508,"upper_bound":169237.38211000187},"point_estimate":168213.3462759803,"standard_error":503.5655550804767},"median":{"confidence_interval":{"confidence_level":0.95,"lower_bound":166323.5081300813,"upper_bound":168220.17045454544},"point_estimate":167310.65333333332,"standard_error":481.38041237787854},"median_abs_dev":{"confidence_interval":{"confidence_level":0.95,"lower_bound":3221.365592536613,"upper_bound":5269.323322097648},"point_estimate":4139.39811214149,"standard_error":497.1316199881192},"slope":{"confidence_interval":{"confidence_level":0.95,"lower_bound":166593.45608711068,"upper_bound":168600.15289708384},"point_estimate":167505.26926703117,"standard_error":514.7739820793524},"std_dev":{"confidence_interval":{"confidence_level":0.95,"lower_bound":3756.2760562910103,"upper_bound":6249.972658302393},"point_estimate":5053.03501055936,"standard_error":639.7531021857786}}