{"mean":{"confidence_interval":{"confidence_level":0.95,"lower_bound":164301.06204762377,"upper_bound":170080.77738308083},"point_estimate":166507.32845843234,"standard_error":1577.6421407742528},"median":{"confidence_interval":{"confidence_level":0.95,"lower_bound":164218.69398907103,"upper_bound":166264.0},"point_estimate":165254.87407612713,"standard_error":575.0148614617424},"median_abs_dev":{"confidence_interval":{"confidence_level":0.95,"lower_bound":2927.053949984084,"upper_bound":5105.516670385864},"point_estimate":3879.2428390495807,"standard_error":543.2028983897555},"slope":{"confidence_interval":{"confidence_level":0.95,"lower_bound":164335.45790721566,"upper_bound":167078.76144575633},"point_estimate":165577.15720604896,"standard_error":702.0508653591338},"std_dev":{"confidence_interval":{"confidence_level":0.95,"lower_bound":4113.067176323939,"upper_bound":26593.944110219833},"point_estimate":15903.017599300236,"standard_error":7733.412852259043}}