{"mean":{"confidence_interval":{"confidence_level":0.95,"lower_bound":-0.2187887033235244,"upper_bound":-0.17778389975772949},"point_estimate":-0.2000469344430853,"standard_error":0.010477068917047019},"median":{"confidence_interval":{"confidence_level":0.95,"lower_bound":-0.21433568866483577,"upper_bound":-0.204621628218018},"point_estimate":-0.20982645192863225,"standard_error":0.002465889607058409}}