{"mean":{"confidence_interval":{"confidence_level":0.95,"lower_bound":-0.0425358998190101,"upper_bound":-0.005740304498488511},"point_estimate":-0.022475181882303574,"standard_error":0.00946246862501459},"median":{"confidence_interval":{"confidence_level":0.95,"lower_bound":-0.023859373171803866,"upper_bound":-0.008635512964036751},"point_estimate":-0.017511543940371133,"standard_error":0.0038975764506033305}}