{"mean":{"confidence_interval":{"confidence_level":0.95,"lower_bound":0.018249259889879688,"upper_bound":0.050930638625013604},"point_estimate":0.03131511124964148,"standard_error":0.008374295091886367},"median":{"confidence_interval":{"confidence_level":0.95,"lower_bound":0.012821888940375005,"upper_bound":0.031148984720100303},"point_estimate":0.023910751036322342,"standard_error":0.00478746794945718}}