{"mean":{"confidence_interval":{"confidence_level":0.95,"lower_bound":-0.7805594768708902,"upper_bound":-0.7694709160593585},"point_estimate":-0.7752376358884864,"standard_error":0.0028197758203699222},"median":{"confidence_interval":{"confidence_level":0.95,"lower_bound":-0.7787630166603409,"upper_bound":-0.7745780094563413},"point_estimate":-0.7767446827652629,"standard_error":0.001088753273263966}}