{"mean":{"confidence_interval":{"confidence_level":0.95,"lower_bound":-0.12016698199471057,"upper_bound":-0.06743473991025382},"point_estimate":-0.09236256003605148,"standard_error":0.013419281288817725},"median":{"confidence_interval":{"confidence_level":0.95,"lower_bound":-0.09452472845228255,"upper_bound":-0.08010735318969076},"point_estimate":-0.0866036940988294,"standard_error":0.0038989906239005278}}