{"mean":{"confidence_interval":{"confidence_level":0.95,"lower_bound":-0.03474077856616381,"upper_bound":0.012834726288697558},"point_estimate":-0.009638804518853794,"standard_error":0.012076103472070181},"median":{"confidence_interval":{"confidence_level":0.95,"lower_bound":-0.016272679678538515,"upper_bound":0.001928916889301746},"point_estimate":-0.007658889168363658,"standard_error":0.004512477413999962}}