{"mean":{"confidence_interval":{"confidence_level":0.95,"lower_bound":-0.011832685434413896,"upper_bound":0.00045751824309297296},"point_estimate":-0.005765019402917737,"standard_error":0.0031317981254833254},"median":{"confidence_interval":{"confidence_level":0.95,"lower_bound":-0.013550334665333175,"upper_bound":0.0014635453643856433},"point_estimate":-0.005605044366169154,"standard_error":0.004020940118211088}}