{"mean":{"confidence_interval":{"confidence_level":0.95,"lower_bound":-0.05692536474295869,"upper_bound":-0.028895473940306872},"point_estimate":-0.04101575090922083,"standard_error":0.007246183817185677},"median":{"confidence_interval":{"confidence_level":0.95,"lower_bound":-0.03983438976860798,"upper_bound":-0.02103053370413077},"point_estimate":-0.03184072800063642,"standard_error":0.0046827909942245465}}