{"mean":{"confidence_interval":{"confidence_level":0.95,"lower_bound":0.010177618628738344,"upper_bound":0.05078514758975234},"point_estimate":0.026364588722723736,"standard_error":0.009894934370636661},"median":{"confidence_interval":{"confidence_level":0.95,"lower_bound":0.004432912315523785,"upper_bound":0.019159816039023614},"point_estimate":0.012464537229509576,"standard_error":0.003623202960987329}}