{"mean":{"confidence_interval":{"confidence_level":0.95,"lower_bound":-0.006552028153636462,"upper_bound":0.005864761806579683},"point_estimate":-0.0003876920211195456,"standard_error":0.0031377367161438837},"median":{"confidence_interval":{"confidence_level":0.95,"lower_bound":-0.008652758900844826,"upper_bound":0.00479914429193018},"point_estimate":-0.001913532289036235,"standard_error":0.003230416534839796}}