{"mean":{"confidence_interval":{"confidence_level":0.95,"lower_bound":-0.041439818465746917,"upper_bound":-0.013192439655957872},"point_estimate":-0.026243985731143615,"standard_error":0.007261886869890304},"median":{"confidence_interval":{"confidence_level":0.95,"lower_bound":-0.03575517900172687,"upper_bound":-0.014408845412614113},"point_estimate":-0.02453565257722634,"standard_error":0.0055319968811560665}}