{"mean":{"confidence_interval":{"confidence_level":0.95,"lower_bound":-0.050266813163593806,"upper_bound":-0.020728963266993503},"point_estimate":-0.034614259880679565,"standard_error":0.007571882163445982},"median":{"confidence_interval":{"confidence_level":0.95,"lower_bound":-0.03147529216042566,"upper_bound":-0.011743462019871198},"point_estimate":-0.020563252538485233,"standard_error":0.005589179799907924}}