{"mean":{"confidence_interval":{"confidence_level":0.95,"lower_bound":-0.08785696842639949,"upper_bound":-0.0450528369857364},"point_estimate":-0.06620071020308871,"standard_error":0.010906225304916249},"median":{"confidence_interval":{"confidence_level":0.95,"lower_bound":-0.056414542187793626,"upper_bound":-0.011556801094416147},"point_estimate":-0.033425447360769134,"standard_error":0.011719874988476753}}