{"mean":{"confidence_interval":{"confidence_level":0.95,"lower_bound":-0.005042971629991033,"upper_bound":0.035144796536326815},"point_estimate":0.012960582312875335,"standard_error":0.009922744141638216},"median":{"confidence_interval":{"confidence_level":0.95,"lower_bound":-0.016947725644619105,"upper_bound":0.0011358338546615164},"point_estimate":-0.005651411541251816,"standard_error":0.004641010156048238}}