{"mean":{"confidence_interval":{"confidence_level":0.95,"lower_bound":-0.01739281988404263,"upper_bound":-0.002712510009799289},"point_estimate":-0.010240856248885377,"standard_error":0.0037261887122643483},"median":{"confidence_interval":{"confidence_level":0.95,"lower_bound":-0.018966606476227943,"upper_bound":0.001403135675553946},"point_estimate":-0.006090479044740027,"standard_error":0.005182972545705741}}