{"mean":{"confidence_interval":{"confidence_level":0.95,"lower_bound":-0.9859832157610132,"upper_bound":-0.9855597145295619},"point_estimate":-0.9857959708349863,"standard_error":0.00010673149331491838},"median":{"confidence_interval":{"confidence_level":0.95,"lower_bound":-0.9860998035876063,"upper_bound":-0.9858046848143049},"point_estimate":-0.985954171947165,"standard_error":0.00008225893067579603}}