{"mean":{"confidence_interval":{"confidence_level":0.95,"lower_bound":0.033116551831685395,"upper_bound":0.09657544922680293},"point_estimate":0.06397574749911006,"standard_error":0.016369837362607574},"median":{"confidence_interval":{"confidence_level":0.95,"lower_bound":0.024502230617305276,"upper_bound":0.07458164480180965},"point_estimate":0.04714016728921666,"standard_error":0.013141607141750918}}