{"mean":{"confidence_interval":{"confidence_level":0.95,"lower_bound":0.02175682006138478,"upper_bound":0.057816278772187334},"point_estimate":0.03766046409061463,"standard_error":0.009072098659008775},"median":{"confidence_interval":{"confidence_level":0.95,"lower_bound":0.01779040826216352,"upper_bound":0.03179338085316252},"point_estimate":0.024189610584576915,"standard_error":0.003629858841708376}}