{"mean":{"confidence_interval":{"confidence_level":0.95,"lower_bound":0.016730796932209413,"upper_bound":0.04736585983634756},"point_estimate":0.030124627358981693,"standard_error":0.007809948513905679},"median":{"confidence_interval":{"confidence_level":0.95,"lower_bound":0.019041015774825976,"upper_bound":0.03885417772982725},"point_estimate":0.02943807618181582,"standard_error":0.004899531551342982}}