{"mean":{"confidence_interval":{"confidence_level":0.95,"lower_bound":0.01910350272733113,"upper_bound":0.03500566621130086},"point_estimate":0.027467556810179206,"standard_error":0.0040606511062579375},"median":{"confidence_interval":{"confidence_level":0.95,"lower_bound":0.014801435265625162,"upper_bound":0.04179745881104866},"point_estimate":0.030029022754696655,"standard_error":0.006320804172852086}}