{"mean":{"confidence_interval":{"confidence_level":0.95,"lower_bound":-0.04098427159221483,"upper_bound":-0.00884571710706808},"point_estimate":-0.02240525313910624,"standard_error":0.008367217702892874},"median":{"confidence_interval":{"confidence_level":0.95,"lower_bound":-0.023863788952189324,"upper_bound":-0.001451118896705128},"point_estimate":-0.014721046151259576,"standard_error":0.005418099705911116}}