{"mean":{"confidence_interval":{"confidence_level":0.95,"lower_bound":-0.00536838402007291,"upper_bound":0.02533688808828804},"point_estimate":0.008420769629401414,"standard_error":0.008075343111153524},"median":{"confidence_interval":{"confidence_level":0.95,"lower_bound":-0.009233274961896187,"upper_bound":0.010694175719602406},"point_estimate":-0.00029030650520323054,"standard_error":0.005285453229567889}}