{"mean":{"confidence_interval":{"confidence_level":0.95,"lower_bound":-0.016038947168540964,"upper_bound":-0.008340358075379268},"point_estimate":-0.012118153719747227,"standard_error":0.0019527492402850088},"median":{"confidence_interval":{"confidence_level":0.95,"lower_bound":-0.01563321588790983,"upper_bound":-0.0084969179460671},"point_estimate":-0.012976604260344304,"standard_error":0.00195528138803234}}