{"mean":{"confidence_interval":{"confidence_level":0.95,"lower_bound":-0.0348268484466205,"upper_bound":0.0034762587555066055},"point_estimate":-0.011207367785218025,"standard_error":0.010633059463145312},"median":{"confidence_interval":{"confidence_level":0.95,"lower_bound":-0.005686817792734167,"upper_bound":0.005188915349962242},"point_estimate":0.0004304677827191572,"standard_error":0.0028477461597435057}}