{"mean":{"confidence_interval":{"confidence_level":0.95,"lower_bound":0.0018988886462961599,"upper_bound":0.010502603394072262},"point_estimate":0.006325795734327011,"standard_error":0.002191796406919682},"median":{"confidence_interval":{"confidence_level":0.95,"lower_bound":0.0019475453539394838,"upper_bound":0.014388475145587052},"point_estimate":0.008667676346058695,"standard_error":0.0035357093359299854}}