{"mean":{"confidence_interval":{"confidence_level":0.95,"lower_bound":-0.024309934522917805,"upper_bound":0.0033168885045998064},"point_estimate":-0.007458540990198936,"standard_error":0.007492019460039203},"median":{"confidence_interval":{"confidence_level":0.95,"lower_bound":-0.0058425435535352285,"upper_bound":0.006647776411194517},"point_estimate":0.00038232694063666806,"standard_error":0.0035294528309493664}}