{"mean":{"confidence_interval":{"confidence_level":0.95,"lower_bound":-0.0033718116996554683,"upper_bound":0.03605467466954072},"point_estimate":0.011615945173460318,"standard_error":0.010791940204425626},"median":{"confidence_interval":{"confidence_level":0.95,"lower_bound":-0.004089450484754953,"upper_bound":0.006700676013593476},"point_estimate":0.0004993723133266403,"standard_error":0.002653117720864086}}