{"mean":{"confidence_interval":{"confidence_level":0.95,"lower_bound":-0.6867801747415295,"upper_bound":-0.6814633132863132},"point_estimate":-0.6839285090103775,"standard_error":0.0013554146927387584},"median":{"confidence_interval":{"confidence_level":0.95,"lower_bound":-0.6842449904924752,"upper_bound":-0.6817789757661461},"point_estimate":-0.6828931686029133,"standard_error":0.000643651990857285}}