{"mean":{"confidence_interval":{"confidence_level":0.95,"lower_bound":-0.014698125608812437,"upper_bound":-0.004177199849053484},"point_estimate":-0.009484443827868727,"standard_error":0.002678205644145045},"median":{"confidence_interval":{"confidence_level":0.95,"lower_bound":-0.013741402312828832,"upper_bound":-0.006560560517423597},"point_estimate":-0.010298838873667227,"standard_error":0.0018546924455598956}}