{"mean":{"confidence_interval":{"confidence_level":0.95,"lower_bound":-0.016200937189872658,"upper_bound":0.010316319959438148},"point_estimate":-0.005752870725743153,"standard_error":0.006799347728555293},"median":{"confidence_interval":{"confidence_level":0.95,"lower_bound":-0.018497552927286276,"upper_bound":-0.00951733208625738},"point_estimate":-0.014661058803214777,"standard_error":0.002429086308950619}}