{"mean":{"confidence_interval":{"confidence_level":0.95,"lower_bound":-0.360260372845844,"upper_bound":-0.32946418198865357},"point_estimate":-0.34409149851708565,"standard_error":0.00781548309975199},"median":{"confidence_interval":{"confidence_level":0.95,"lower_bound":-0.3445083130746942,"upper_bound":-0.33492012463372356},"point_estimate":-0.3397501995638096,"standard_error":0.002425232838980648}}