{"mean":{"confidence_interval":{"confidence_level":0.95,"lower_bound":-0.029741170983447904,"upper_bound":-0.002683843984462912},"point_estimate":-0.014048728066837768,"standard_error":0.006953142781237235},"median":{"confidence_interval":{"confidence_level":0.95,"lower_bound":-0.018089239874441332,"upper_bound":-0.005320760870919816},"point_estimate":-0.013204383096003025,"standard_error":0.0032460837401642917}}