{"mean":{"confidence_interval":{"confidence_level":0.95,"lower_bound":12081.638105675458,"upper_bound":12808.493718167334},"point_estimate":12380.226821748787,"standard_error":189.4969737095816},"median":{"confidence_interval":{"confidence_level":0.95,"lower_bound":11963.173393574296,"upper_bound":12025.675505593805},"point_estimate":11996.147225055829,"standard_error":16.227528825874934},"median_abs_dev":{"confidence_interval":{"confidence_level":0.95,"lower_bound":135.35718353013533,"upper_bound":244.7848125212418},"point_estimate":182.68530349007605,"standard_error":27.49032043646772},"slope":{"confidence_interval":{"confidence_level":0.95,"lower_bound":11961.658040121405,"upper_bound":12405.975257936963},"point_estimate":12143.817539476659,"standard_error":115.90949352278726},"std_dev":{"confidence_interval":{"confidence_level":0.95,"lower_bound":515.405465822843,"upper_bound":3043.4653593870776},"point_estimate":1901.4086939276294,"standard_error":713.2410301429829}}