{"mean":{"confidence_interval":{"confidence_level":0.95,"lower_bound":-0.09991378027762644,"upper_bound":-0.04533932157715245},"point_estimate":-0.07026034068484577,"standard_error":0.014038819466916467},"median":{"confidence_interval":{"confidence_level":0.95,"lower_bound":-0.06639069823218646,"upper_bound":-0.042147840221600785},"point_estimate":-0.056942732238914995,"standard_error":0.006562885737481852}}