{"mean":{"confidence_interval":{"confidence_level":0.95,"lower_bound":0.04626449063014309,"upper_bound":0.056974785192955915},"point_estimate":0.05151239546933173,"standard_error":0.0027293798301328866},"median":{"confidence_interval":{"confidence_level":0.95,"lower_bound":0.04756291668097701,"upper_bound":0.05412479622066191},"point_estimate":0.05079612203664308,"standard_error":0.0016283427374836166}}