{"mean":{"confidence_interval":{"confidence_level":0.95,"lower_bound":0.020909573883977163,"upper_bound":0.054282742292503045},"point_estimate":0.03324434864230641,"standard_error":0.009448619651926915},"median":{"confidence_interval":{"confidence_level":0.95,"lower_bound":0.021510314459837865,"upper_bound":0.035280254495072105},"point_estimate":0.028683745241019576,"standard_error":0.0034532926043433637}}