{"mean":{"confidence_interval":{"confidence_level":0.95,"lower_bound":-0.029936433127674283,"upper_bound":0.006461551357183939},"point_estimate":-0.007604680241887762,"standard_error":0.010139288106934428},"median":{"confidence_interval":{"confidence_level":0.95,"lower_bound":-0.0018200322716594997,"upper_bound":0.008061715666408086},"point_estimate":0.0023147954884645827,"standard_error":0.0023923705862714624}}