{"mean":{"confidence_interval":{"confidence_level":0.95,"lower_bound":0.003870057954629033,"upper_bound":0.011200538593267358},"point_estimate":0.007541887559380012,"standard_error":0.001859296407438138},"median":{"confidence_interval":{"confidence_level":0.95,"lower_bound":0.004234977445753074,"upper_bound":0.010300329698185338},"point_estimate":0.007582824419342771,"standard_error":0.0015312406072392475}}