{"mean":{"confidence_interval":{"confidence_level":0.95,"lower_bound":0.028700156940267816,"upper_bound":0.06616191016786507},"point_estimate":0.04309881902138257,"standard_error":0.010960900172233813},"median":{"confidence_interval":{"confidence_level":0.95,"lower_bound":0.029612636750995458,"upper_bound":0.04045085675770865},"point_estimate":0.035182424163153536,"standard_error":0.0026687443543417563}}