{"mean":{"confidence_interval":{"confidence_level":0.95,"lower_bound":-0.02998341242239092,"upper_bound":-0.019587706204222028},"point_estimate":-0.024535003959166746,"standard_error":0.0026549840559358783},"median":{"confidence_interval":{"confidence_level":0.95,"lower_bound":-0.028427298377224464,"upper_bound":-0.018789059571090116},"point_estimate":-0.02452723878378571,"standard_error":0.0022889086977439348}}