{"mean":{"confidence_interval":{"confidence_level":0.95,"lower_bound":-0.017193842543633712,"upper_bound":0.03301400785991508},"point_estimate":0.0010421160221971704,"standard_error":0.011914242046138127},"median":{"confidence_interval":{"confidence_level":0.95,"lower_bound":-0.022301370758246564,"upper_bound":-0.012549646443880569},"point_estimate":-0.017049180787102713,"standard_error":0.002384946923840832}}