{"mean":{"confidence_interval":{"confidence_level":0.95,"lower_bound":-0.008624820383260809,"upper_bound":0.017918622997127834},"point_estimate":0.004163361505871377,"standard_error":0.006836759615577206},"median":{"confidence_interval":{"confidence_level":0.95,"lower_bound":-0.0026881280033498323,"upper_bound":0.011924326704847},"point_estimate":0.007384939244105215,"standard_error":0.003895480607995872}}