{"mean":{"confidence_interval":{"confidence_level":0.95,"lower_bound":-0.061233148188894915,"upper_bound":-0.01746011882608272},"point_estimate":-0.03607577630367009,"standard_error":0.01153283856967313},"median":{"confidence_interval":{"confidence_level":0.95,"lower_bound":-0.02985117900874296,"upper_bound":-0.01795018954812888},"point_estimate":-0.024181539518842388,"standard_error":0.0029970520095251893}}