{"mean":{"confidence_interval":{"confidence_level":0.95,"lower_bound":-0.049233870388324406,"upper_bound":-0.019994635378926772},"point_estimate":-0.031146787983580393,"standard_error":0.008076733858646257},"median":{"confidence_interval":{"confidence_level":0.95,"lower_bound":-0.028368005693239162,"upper_bound":-0.019232468866818397},"point_estimate":-0.024669819988051733,"standard_error":0.0024284613525503216}}