{"mean":{"confidence_interval":{"confidence_level":0.95,"lower_bound":424010.73342028935,"upper_bound":426756.5305714617},"point_estimate":425334.4014923994,"standard_error":699.0422375549174},"median":{"confidence_interval":{"confidence_level":0.95,"lower_bound":423421.80455326464,"upper_bound":424906.00336700334},"point_estimate":424047.18159203976,"standard_error":383.0303311698333},"median_abs_dev":{"confidence_interval":{"confidence_level":0.95,"lower_bound":3396.2210778276076,"upper_bound":6121.869178949478},"point_estimate":4854.65300547933,"standard_error":726.3313171602113},"slope":{"confidence_interval":{"confidence_level":0.95,"lower_bound":423342.1435214358,"upper_bound":425418.22607961664},"point_estimate":424342.65352347173,"standard_error":528.3869348337385},"std_dev":{"confidence_interval":{"confidence_level":0.95,"lower_bound":5314.792820069757,"upper_bound":8590.014912451135},"point_estimate":7011.627899163512,"standard_error":840.9099322289691}}