{"mean":{"confidence_interval":{"confidence_level":0.95,"lower_bound":22999686.772500012,"upper_bound":23057860.428333327},"point_estimate":23027370.533333335,"standard_error":14869.207655282924},"median":{"confidence_interval":{"confidence_level":0.95,"lower_bound":22949500.0,"upper_bound":23016597.166666664},"point_estimate":22978284.666666664,"standard_error":18842.650501285076},"median_abs_dev":{"confidence_interval":{"confidence_level":0.95,"lower_bound":73172.48620093054,"upper_bound":146643.46919655707},"point_estimate":90397.5797951203,"standard_error":20970.24825846181},"slope":null,"std_dev":{"confidence_interval":{"confidence_level":0.95,"lower_bound":111088.06338972182,"upper_bound":185415.6817127522},"point_estimate":149473.6425147242,"standard_error":18992.606654253323}}