{"mean":{"confidence_interval":{"confidence_level":0.95,"lower_bound":-0.8063118273517381,"upper_bound":-0.804092479547709},"point_estimate":-0.8053428485267092,"standard_error":0.000584124288815551},"median":{"confidence_interval":{"confidence_level":0.95,"lower_bound":-0.8068035395457974,"upper_bound":-0.8052841166749034},"point_estimate":-0.8060455863037146,"standard_error":0.0003895180260406745}}