{"mean":{"confidence_interval":{"confidence_level":0.95,"lower_bound":-0.019067927765843803,"upper_bound":-0.002042750982770669},"point_estimate":-0.010821557821339756,"standard_error":0.004282189100998731},"median":{"confidence_interval":{"confidence_level":0.95,"lower_bound":-0.014574156724060705,"upper_bound":-0.0070937126391556315},"point_estimate":-0.011363699705566832,"standard_error":0.0018391022683055356}}