{"mean":{"confidence_interval":{"confidence_level":0.95,"lower_bound":0.015519734978257694,"upper_bound":0.020901840382032997},"point_estimate":0.018154807400347917,"standard_error":0.0013886187375147401},"median":{"confidence_interval":{"confidence_level":0.95,"lower_bound":0.018252466252602684,"upper_bound":0.024808970601572833},"point_estimate":0.021575408357551007,"standard_error":0.001711063103634429}}