{"mean":{"confidence_interval":{"confidence_level":0.95,"lower_bound":124444.37945248964,"upper_bound":129497.67504269264},"point_estimate":126459.25049051158,"standard_error":1327.0016232978496},"median":{"confidence_interval":{"confidence_level":0.95,"lower_bound":122820.99434529986,"upper_bound":124879.18133802817},"point_estimate":124249.2582364341,"standard_error":541.6718445823842},"median_abs_dev":{"confidence_interval":{"confidence_level":0.95,"lower_bound":2542.1118048684857,"upper_bound":4994.389658277004},"point_estimate":3997.084933940939,"standard_error":630.2140006469317},"slope":{"confidence_interval":{"confidence_level":0.95,"lower_bound":123800.39306291618,"upper_bound":125922.41134477069},"point_estimate":124752.49125609576,"standard_error":543.9010800217249},"std_dev":{"confidence_interval":{"confidence_level":0.95,"lower_bound":3285.5090491823516,"upper_bound":21612.46680167669},"point_estimate":13269.699692461194,"standard_error":5490.630839066197}}