{"mean":{"confidence_interval":{"confidence_level":0.95,"lower_bound":161925.6203679293,"upper_bound":163015.2078196136},"point_estimate":162467.138024182,"standard_error":278.5554829881226},"median":{"confidence_interval":{"confidence_level":0.95,"lower_bound":161828.24166666667,"upper_bound":162999.10714285713},"point_estimate":162403.0257936508,"standard_error":309.66158648851035},"median_abs_dev":{"confidence_interval":{"confidence_level":0.95,"lower_bound":1598.6349060707462,"upper_bound":2794.6934406037294},"point_estimate":2128.7720827609105,"standard_error":307.8798229942715},"slope":{"confidence_interval":{"confidence_level":0.95,"lower_bound":162359.86139244447,"upper_bound":163246.76582102745},"point_estimate":162798.7880597015,"standard_error":226.48565417367166},"std_dev":{"confidence_interval":{"confidence_level":0.95,"lower_bound":2250.1104951735874,"upper_bound":3329.253987033748},"point_estimate":2805.8184399071934,"standard_error":276.060806276335}}