{"mean":{"confidence_interval":{"confidence_level":0.95,"lower_bound":2241008.8765000002,"upper_bound":2252418.9754130435},"point_estimate":2246576.6313043474,"standard_error":2914.433520646806},"median":{"confidence_interval":{"confidence_level":0.95,"lower_bound":2237916.6739130435,"upper_bound":2244310.695652174},"point_estimate":2240443.847826087,"standard_error":1610.80008458287},"median_abs_dev":{"confidence_interval":{"confidence_level":0.95,"lower_bound":16352.913334460385,"upper_bound":34827.65929038102},"point_estimate":26313.47440675537,"standard_error":4735.335640414744},"slope":null,"std_dev":{"confidence_interval":{"confidence_level":0.95,"lower_bound":24589.556196753147,"upper_bound":33349.20604906761},"point_estimate":29315.101654830938,"standard_error":2237.185476124532}}