{"mean":{"confidence_interval":{"confidence_level":0.95,"lower_bound":2285286.006608696,"upper_bound":2305086.27326087},"point_estimate":2294429.0960869556,"standard_error":5042.682110197707},"median":{"confidence_interval":{"confidence_level":0.95,"lower_bound":2279786.217391304,"upper_bound":2289570.652173913},"point_estimate":2285244.5652173916,"standard_error":2621.5335826655146},"median_abs_dev":{"confidence_interval":{"confidence_level":0.95,"lower_bound":21302.931104405525,"upper_bound":33440.429171531054},"point_estimate":27307.203154331193,"standard_error":3070.1548061898793},"slope":null,"std_dev":{"confidence_interval":{"confidence_level":0.95,"lower_bound":29932.916346924518,"upper_bound":68024.5265520049},"point_estimate":50606.17222508452,"standard_error":9691.108924884347}}