{"mean":{"confidence_interval":{"confidence_level":0.95,"lower_bound":2285845.629097826,"upper_bound":2389430.670739129},"point_estimate":2328184.109565217,"standard_error":27675.9694883752},"median":{"confidence_interval":{"confidence_level":0.95,"lower_bound":2276597.8260869565,"upper_bound":2295697.4565217393},"point_estimate":2288397.652173913,"standard_error":4250.063484612143},"median_abs_dev":{"confidence_interval":{"confidence_level":0.95,"lower_bound":24697.92389195924,"upper_bound":44531.72734418645},"point_estimate":32971.734197243204,"standard_error":4899.714048459166},"slope":null,"std_dev":{"confidence_interval":{"confidence_level":0.95,"lower_bound":33635.90082227687,"upper_bound":433778.90792569745},"point_estimate":277630.8493166978,"standard_error":109876.71217049856}}