{"mean":{"confidence_interval":{"confidence_level":0.95,"lower_bound":2231308.0015760874,"upper_bound":2245344.334749999},"point_estimate":2238135.269130435,"standard_error":3576.737011554613},"median":{"confidence_interval":{"confidence_level":0.95,"lower_bound":2221541.652173913,"upper_bound":2242288.0434782607},"point_estimate":2229193.826086956,"standard_error":4553.906062286358},"median_abs_dev":{"confidence_interval":{"confidence_level":0.95,"lower_bound":23853.22867217223,"upper_bound":42990.04898459991},"point_estimate":31572.38543513015,"standard_error":4243.470487725706},"slope":null,"std_dev":{"confidence_interval":{"confidence_level":0.95,"lower_bound":28963.767988734806,"upper_bound":42684.79010621405},"point_estimate":36030.71753211318,"standard_error":3508.2480561126677}}