{"mean":{"confidence_interval":{"confidence_level":0.95,"lower_bound":2293942.224326087,"upper_bound":2361362.825293478},"point_estimate":2318799.7969565215,"standard_error":19192.445950891673},"median":{"confidence_interval":{"confidence_level":0.95,"lower_bound":2285398.565217391,"upper_bound":2306250.0},"point_estimate":2297113.2173913047,"standard_error":5463.0959767481745},"median_abs_dev":{"confidence_interval":{"confidence_level":0.95,"lower_bound":28067.3257147489,"upper_bound":53357.517677280055},"point_estimate":39334.56982775922,"standard_error":6835.169715121917},"slope":null,"std_dev":{"confidence_interval":{"confidence_level":0.95,"lower_bound":36672.428496677014,"upper_bound":326758.08931005327},"point_estimate":192972.1581443358,"standard_error":101967.11485030269}}