{"mean":{"confidence_interval":{"confidence_level":0.95,"lower_bound":0.01631715108304643,"upper_bound":0.02766834895998053},"point_estimate":0.02203938920540427,"standard_error":0.002904790145455717},"median":{"confidence_interval":{"confidence_level":0.95,"lower_bound":0.014515714138244151,"upper_bound":0.026047160227729904},"point_estimate":0.020141008159898943,"standard_error":0.0030533222062043416}}