{"mean":{"confidence_interval":{"confidence_level":0.95,"lower_bound":-0.19434772436958458,"upper_bound":-0.18625698050384673},"point_estimate":-0.19020367111009884,"standard_error":0.002081521358697395},"median":{"confidence_interval":{"confidence_level":0.95,"lower_bound":-0.19253158302595796,"upper_bound":-0.18376452154555611},"point_estimate":-0.1878789037979871,"standard_error":0.0021762837060481633}}