{"mean":{"confidence_interval":{"confidence_level":0.95,"lower_bound":-0.016550927664434494,"upper_bound":0.0740101576672272},"point_estimate":0.009195576089678692,"standard_error":0.023661838722185358},"median":{"confidence_interval":{"confidence_level":0.95,"lower_bound":-0.018902737002174597,"upper_bound":-0.006414905275486038},"point_estimate":-0.012468323855676422,"standard_error":0.0031222556775668863}}