{"mean":{"confidence_interval":{"confidence_level":0.95,"lower_bound":222941.65998895286,"upper_bound":224583.5958200359},"point_estimate":223759.85903329763,"standard_error":419.88151143912955},"median":{"confidence_interval":{"confidence_level":0.95,"lower_bound":222834.54516129033,"upper_bound":224795.78352941177},"point_estimate":223259.9006088993,"standard_error":483.0689981531186},"median_abs_dev":{"confidence_interval":{"confidence_level":0.95,"lower_bound":3341.892273760437,"upper_bound":5681.144974801322},"point_estimate":4478.357909304062,"standard_error":601.6839694045069},"slope":{"confidence_interval":{"confidence_level":0.95,"lower_bound":221664.69706444666,"upper_bound":223613.2421571384},"point_estimate":222637.68689995568,"standard_error":496.7842270870953},"std_dev":{"confidence_interval":{"confidence_level":0.95,"lower_bound":3692.457612237977,"upper_bound":4705.661561137641},"point_estimate":4225.427913637466,"standard_error":258.4603751510941}}