{"mean":{"confidence_interval":{"confidence_level":0.95,"lower_bound":169033.80425733986,"upper_bound":171259.26614306684},"point_estimate":170136.25846637037,"standard_error":566.9796739945807},"median":{"confidence_interval":{"confidence_level":0.95,"lower_bound":167854.87990196078,"upper_bound":171099.6674954792},"point_estimate":169250.5143678161,"standard_error":933.8163338068244},"median_abs_dev":{"confidence_interval":{"confidence_level":0.95,"lower_bound":4667.188872387733,"upper_bound":8065.723709737794},"point_estimate":6520.972339842618,"standard_error":924.7397979237452},"slope":{"confidence_interval":{"confidence_level":0.95,"lower_bound":168198.26537797792,"upper_bound":170940.34418215646},"point_estimate":169556.1418851288,"standard_error":699.7759332094838},"std_dev":{"confidence_interval":{"confidence_level":0.95,"lower_bound":5071.042446936663,"upper_bound":6265.125675948463},"point_estimate":5714.4023486111655,"standard_error":304.82937107485805}}