{"mean":{"confidence_interval":{"confidence_level":0.95,"lower_bound":2313291.1919431803,"upper_bound":2396149.584090908},"point_estimate":2343582.5936363623,"standard_error":23839.802643880776},"median":{"confidence_interval":{"confidence_level":0.95,"lower_bound":2311436.5454545454,"upper_bound":2328520.8636363638},"point_estimate":2322713.0681818184,"standard_error":3727.50613049815},"median_abs_dev":{"confidence_interval":{"confidence_level":0.95,"lower_bound":24752.107646926135,"upper_bound":44108.764426003865},"point_estimate":34393.253103034156,"standard_error":4949.699178081173},"slope":null,"std_dev":{"confidence_interval":{"confidence_level":0.95,"lower_bound":39041.321726882976,"upper_bound":406295.65114714793},"point_estimate":239427.66631599786,"standard_error":128812.61556391451}}