{"mean":{"confidence_interval":{"confidence_level":0.95,"lower_bound":2176615.0263043484,"upper_bound":2188067.3899782607},"point_estimate":2182027.6260869573,"standard_error":2918.1217493345184},"median":{"confidence_interval":{"confidence_level":0.95,"lower_bound":2169465.565217391,"upper_bound":2179431.1304347827},"point_estimate":2174774.4565217393,"standard_error":2351.7998541418588},"median_abs_dev":{"confidence_interval":{"confidence_level":0.95,"lower_bound":15682.749138966701,"upper_bound":27232.042587512886},"point_estimate":21249.23520101155,"standard_error":2874.488963155129},"slope":null,"std_dev":{"confidence_interval":{"confidence_level":0.95,"lower_bound":21526.11930287719,"upper_bound":37493.13603339565},"point_estimate":29372.545695078254,"standard_error":4157.480811416928}}