{"mean":{"confidence_interval":{"confidence_level":0.95,"lower_bound":2236328.9838913046,"upper_bound":2252493.6120869573},"point_estimate":2244193.060434783,"standard_error":4125.443625775868},"median":{"confidence_interval":{"confidence_level":0.95,"lower_bound":2222344.217391304,"upper_bound":2245213.7608695654},"point_estimate":2233060.6739130435,"standard_error":5516.021127009112},"median_abs_dev":{"confidence_interval":{"confidence_level":0.95,"lower_bound":21315.081978103073,"upper_bound":40638.58096547743},"point_estimate":28917.403417048157,"standard_error":5018.955421285486},"slope":null,"std_dev":{"confidence_interval":{"confidence_level":0.95,"lower_bound":33914.816766499964,"upper_bound":47972.32438571322},"point_estimate":41373.654887069424,"standard_error":3591.325589819691}}