{"mean":{"confidence_interval":{"confidence_level":0.95,"lower_bound":2318111.6457608687,"upper_bound":2333137.0391086955},"point_estimate":2325760.397391304,"standard_error":3842.344506199991},"median":{"confidence_interval":{"confidence_level":0.95,"lower_bound":2320102.3695652178,"upper_bound":2337227.3695652173},"point_estimate":2328089.6739130435,"standard_error":3886.707338406029},"median_abs_dev":{"confidence_interval":{"confidence_level":0.95,"lower_bound":26612.927371004324,"upper_bound":43981.13483656992},"point_estimate":37471.90857387091,"standard_error":4707.010232271463},"slope":null,"std_dev":{"confidence_interval":{"confidence_level":0.95,"lower_bound":31904.803567673356,"upper_bound":44582.12101060861},"point_estimate":38596.8738892176,"standard_error":3241.5554364904256}}