{"mean":{"confidence_interval":{"confidence_level":0.95,"lower_bound":16214183.346812502,"upper_bound":16304934.6805625},"point_estimate":16259703.845,"standard_error":23101.868666107755},"median":{"confidence_interval":{"confidence_level":0.95,"lower_bound":16230479.0,"upper_bound":16317411.5},"point_estimate":16260828.0,"standard_error":20815.50131741128},"median_abs_dev":{"confidence_interval":{"confidence_level":0.95,"lower_bound":170491.2133231759,"upper_bound":300720.57111114264},"point_estimate":241285.54739132524,"standard_error":34766.149149007964},"slope":null,"std_dev":{"confidence_interval":{"confidence_level":0.95,"lower_bound":200562.68938326466,"upper_bound":262206.67548096296},"point_estimate":232818.2939899508,"standard_error":15771.156640254627}}