{"mean":{"confidence_interval":{"confidence_level":0.95,"lower_bound":16107520.701375,"upper_bound":16227246.2289375},"point_estimate":16167512.31,"standard_error":30629.906422327702},"median":{"confidence_interval":{"confidence_level":0.95,"lower_bound":16072187.375,"upper_bound":16250146.0},"point_estimate":16186906.25,"standard_error":40940.776296672266},"median_abs_dev":{"confidence_interval":{"confidence_level":0.95,"lower_bound":259215.37017300725,"upper_bound":415315.05504855845},"point_estimate":354727.2403523326,"standard_error":39581.568674593786},"slope":null,"std_dev":{"confidence_interval":{"confidence_level":0.95,"lower_bound":272356.25482683536,"upper_bound":336721.79262429604},"point_estimate":306877.5093596392,"standard_error":16448.501299482363}}