{"mean":{"confidence_interval":{"confidence_level":0.95,"lower_bound":14799265.85,"upper_bound":14879564.669875},"point_estimate":14839504.29,"standard_error":20386.061591291425},"median":{"confidence_interval":{"confidence_level":0.95,"lower_bound":14788520.75,"upper_bound":14887416.625},"point_estimate":14830880.125,"standard_error":29637.147549290035},"median_abs_dev":{"confidence_interval":{"confidence_level":0.95,"lower_bound":161974.04712438583,"upper_bound":262396.8443915248},"point_estimate":211270.3109242022,"standard_error":26233.757214225596},"slope":null,"std_dev":{"confidence_interval":{"confidence_level":0.95,"lower_bound":175217.4123481658,"upper_bound":226989.6099779142},"point_estimate":202365.4350108791,"standard_error":13197.363741087856}}