{"mean":{"confidence_interval":{"confidence_level":0.95,"lower_bound":16286156.503,"upper_bound":16362886.0075625},"point_estimate":16324232.62,"standard_error":19554.86691053236},"median":{"confidence_interval":{"confidence_level":0.95,"lower_bound":16268067.875,"upper_bound":16377161.5},"point_estimate":16325937.5,"standard_error":28014.128029804247},"median_abs_dev":{"confidence_interval":{"confidence_level":0.95,"lower_bound":142514.92246985435,"upper_bound":234992.28115305305},"point_estimate":183417.6318436861,"standard_error":22922.4272720282},"slope":null,"std_dev":{"confidence_interval":{"confidence_level":0.95,"lower_bound":166673.4282205347,"upper_bound":222716.16040156194},"point_estimate":196074.21167598877,"standard_error":14263.05453364411}}