{"mean":{"confidence_interval":{"confidence_level":0.95,"lower_bound":16101379.282062499,"upper_bound":16372736.501374999},"point_estimate":16209898.23,"standard_error":71291.31559573476},"median":{"confidence_interval":{"confidence_level":0.95,"lower_bound":16049416.75,"upper_bound":16167328.25},"point_estimate":16112307.25,"standard_error":33919.42474541814},"median_abs_dev":{"confidence_interval":{"confidence_level":0.95,"lower_bound":196089.413818717,"upper_bound":374804.42387089133},"point_estimate":298666.79949760437,"standard_error":45469.17478023119},"slope":null,"std_dev":{"confidence_interval":{"confidence_level":0.95,"lower_bound":264786.94998917787,"upper_bound":1165916.5613591708},"point_estimate":717234.2663172717,"standard_error":303157.71542228997}}