{"mean":{"confidence_interval":{"confidence_level":0.95,"lower_bound":-0.01269379134862581,"upper_bound":0.004066794240026966},"point_estimate":-0.0026695078749926493,"standard_error":0.004380594987672748},"median":{"confidence_interval":{"confidence_level":0.95,"lower_bound":-0.0055175881540800486,"upper_bound":0.005200895242474912},"point_estimate":0.00015134092197710558,"standard_error":0.0029383426785823175}}