{"mean":{"confidence_interval":{"confidence_level":0.95,"lower_bound":-0.03210257610729566,"upper_bound":0.005663019468020659},"point_estimate":-0.010662143964478954,"standard_error":0.009764910444425472},"median":{"confidence_interval":{"confidence_level":0.95,"lower_bound":-0.005761410318277149,"upper_bound":0.004314246388080569},"point_estimate":-0.0006804843063639154,"standard_error":0.0025623038302648796}}