{"mean":{"confidence_interval":{"confidence_level":0.95,"lower_bound":-0.010776422463878584,"upper_bound":-0.0046239383820506404},"point_estimate":-0.00764631916386127,"standard_error":0.0015588582233878932},"median":{"confidence_interval":{"confidence_level":0.95,"lower_bound":-0.012322224869210086,"upper_bound":-0.004964289257687435},"point_estimate":-0.007786098423492538,"standard_error":0.001971962307056821}}