{"mean":{"confidence_interval":{"confidence_level":0.95,"lower_bound":-0.005694744366844762,"upper_bound":0.12409255631454899},"point_estimate":0.038521158016905366,"standard_error":0.03159920986878258},"median":{"confidence_interval":{"confidence_level":0.95,"lower_bound":-0.01218102572345813,"upper_bound":-0.0019663229412019145},"point_estimate":-0.007750269857543457,"standard_error":0.002547987257791505}}