{"mean":{"confidence_interval":{"confidence_level":0.95,"lower_bound":-0.009480011008756393,"upper_bound":0.007551296223222424},"point_estimate":-0.002821976553572858,"standard_error":0.004374114873980272},"median":{"confidence_interval":{"confidence_level":0.95,"lower_bound":-0.011690342968319833,"upper_bound":-0.000822199048125416},"point_estimate":-0.006026288359635368,"standard_error":0.002857887281401514}}