{"mean":{"confidence_interval":{"confidence_level":0.95,"lower_bound":0.0131126635981758,"upper_bound":0.04906269097186323},"point_estimate":0.027593031661874212,"standard_error":0.009542088267799937},"median":{"confidence_interval":{"confidence_level":0.95,"lower_bound":0.010223821214726758,"upper_bound":0.01844530714220083},"point_estimate":0.01372558946196567,"standard_error":0.0023065486646851726}}