{"mean":{"confidence_interval":{"confidence_level":0.95,"lower_bound":0.0014762029061907767,"upper_bound":0.007288798409783808},"point_estimate":0.00431303485539325,"standard_error":0.0014929614454348974},"median":{"confidence_interval":{"confidence_level":0.95,"lower_bound":0.0001480594056580787,"upper_bound":0.007934844961248855},"point_estimate":0.0039983437259569765,"standard_error":0.002018938914202228}}