{"mean":{"confidence_interval":{"confidence_level":0.95,"lower_bound":-0.0032828860461181506,"upper_bound":0.04488675152954096},"point_estimate":0.01570806780240752,"standard_error":0.013131732153165775},"median":{"confidence_interval":{"confidence_level":0.95,"lower_bound":-0.006090304704559291,"upper_bound":0.00046025878715028057},"point_estimate":-0.003552083094927383,"standard_error":0.0018037086947414128}}