{"mean":{"confidence_interval":{"confidence_level":0.95,"lower_bound":-0.024159958898067012,"upper_bound":-0.01807140255277921},"point_estimate":-0.021085675108884705,"standard_error":0.0015488010691769663},"median":{"confidence_interval":{"confidence_level":0.95,"lower_bound":-0.02678016904770486,"upper_bound":-0.0198053584369019},"point_estimate":-0.023039446187344437,"standard_error":0.0017682019890713967}}