{"mean":{"confidence_interval":{"confidence_level":0.95,"lower_bound":0.0042722079115925194,"upper_bound":0.03224913468702993},"point_estimate":0.014603479779362383,"standard_error":0.007943708285324319},"median":{"confidence_interval":{"confidence_level":0.95,"lower_bound":0.0028858833816243212,"upper_bound":0.010985870850470425},"point_estimate":0.00704610597508748,"standard_error":0.0021120928198809902}}