{"mean":{"confidence_interval":{"confidence_level":0.95,"lower_bound":-0.016396772220737387,"upper_bound":-0.011662611320817069},"point_estimate":-0.013975056873951619,"standard_error":0.001207333085605048},"median":{"confidence_interval":{"confidence_level":0.95,"lower_bound":-0.01789407589338099,"upper_bound":-0.013366850071660275},"point_estimate":-0.015792185266896408,"standard_error":0.0011537040664975795}}