{"mean":{"confidence_interval":{"confidence_level":0.95,"lower_bound":0.1384878350947992,"upper_bound":0.14701466751069878},"point_estimate":0.1428732505629955,"standard_error":0.0021713541996824163},"median":{"confidence_interval":{"confidence_level":0.95,"lower_bound":0.1423427399289099,"upper_bound":0.1509371195391549},"point_estimate":0.14811440783546725,"standard_error":0.0023098388737760843}}