{"mean":{"confidence_interval":{"confidence_level":0.95,"lower_bound":0.009040464588115539,"upper_bound":0.014780661619544102},"point_estimate":0.011835366071669906,"standard_error":0.0014648401002876792},"median":{"confidence_interval":{"confidence_level":0.95,"lower_bound":0.007597003329636198,"upper_bound":0.015774468578947598},"point_estimate":0.010853514949136223,"standard_error":0.002094121147288077}}