{"mean":{"confidence_interval":{"confidence_level":0.95,"lower_bound":4047817.4720192314,"upper_bound":4058005.3203269225},"point_estimate":4052747.336923072,"standard_error":2598.1805489415715},"median":{"confidence_interval":{"confidence_level":0.95,"lower_bound":4043567.3076923075,"upper_bound":4052477.5384615385},"point_estimate":4049535.230769231,"standard_error":1946.7632062340579},"median_abs_dev":{"confidence_interval":{"confidence_level":0.95,"lower_bound":15766.991684310973,"upper_bound":28297.587374539733},"point_estimate":22906.682801017527,"standard_error":3252.636009978067},"slope":null,"std_dev":{"confidence_interval":{"confidence_level":0.95,"lower_bound":20399.303945684045,"upper_bound":31532.678116204606},"point_estimate":26168.2000532446,"standard_error":2859.707074618958}}