{"mean":{"confidence_interval":{"confidence_level":0.95,"lower_bound":0.006920765660894063,"upper_bound":0.016650250525181265},"point_estimate":0.01189953097055918,"standard_error":0.0024729237291575574},"median":{"confidence_interval":{"confidence_level":0.95,"lower_bound":0.009200407138100442,"upper_bound":0.02119107207099021},"point_estimate":0.015812632501256196,"standard_error":0.003066484679368536}}