{"mean":{"confidence_interval":{"confidence_level":0.95,"lower_bound":-0.037397967165657464,"upper_bound":-0.028604647562584944},"point_estimate":-0.03301435086582072,"standard_error":0.002248405813918587},"median":{"confidence_interval":{"confidence_level":0.95,"lower_bound":-0.04037877822399227,"upper_bound":-0.027855892699171},"point_estimate":-0.03273204081261405,"standard_error":0.003339271411923343}}