{"mean":{"confidence_interval":{"confidence_level":0.95,"lower_bound":-0.013091732930588613,"upper_bound":0.004830160219043937},"point_estimate":-0.0030056676520302528,"standard_error":0.0046241338506051305},"median":{"confidence_interval":{"confidence_level":0.95,"lower_bound":-0.001160488355375966,"upper_bound":0.007967686277937425},"point_estimate":0.003504795924315518,"standard_error":0.0024151640237881624}}