{"mean":{"confidence_interval":{"confidence_level":0.95,"lower_bound":37169.27487100984,"upper_bound":37576.26505145507},"point_estimate":37369.514429473726,"standard_error":103.63574031604765},"median":{"confidence_interval":{"confidence_level":0.95,"lower_bound":36967.56367218282,"upper_bound":37475.42735042735},"point_estimate":37157.817050746395,"standard_error":125.06311859712268},"median_abs_dev":{"confidence_interval":{"confidence_level":0.95,"lower_bound":797.2870441607677,"upper_bound":1301.8983204149488},"point_estimate":1075.0721611647384,"standard_error":131.53860768902945},"slope":{"confidence_interval":{"confidence_level":0.95,"lower_bound":36999.246987332175,"upper_bound":37437.573305839825},"point_estimate":37217.40074774642,"standard_error":112.17719083994018},"std_dev":{"confidence_interval":{"confidence_level":0.95,"lower_bound":897.5750162555402,"upper_bound":1160.8151908014595},"point_estimate":1038.5878802019517,"standard_error":67.28875151649638}}