{"mean":{"confidence_interval":{"confidence_level":0.95,"lower_bound":37285.54494025293,"upper_bound":37610.268601474265},"point_estimate":37446.697010168995,"standard_error":82.73161921126287},"median":{"confidence_interval":{"confidence_level":0.95,"lower_bound":37238.86458992437,"upper_bound":37610.31164383562},"point_estimate":37423.486273690076,"standard_error":95.53896551837164},"median_abs_dev":{"confidence_interval":{"confidence_level":0.95,"lower_bound":561.2243530873053,"upper_bound":932.880456098933},"point_estimate":763.1246632591386,"standard_error":94.75201326275149},"slope":{"confidence_interval":{"confidence_level":0.95,"lower_bound":37362.31417319171,"upper_bound":37763.04488233985},"point_estimate":37563.957620352165,"standard_error":102.53081858158215},"std_dev":{"confidence_interval":{"confidence_level":0.95,"lower_bound":695.9944491795799,"upper_bound":960.8738271924822},"point_estimate":831.9143848510917,"standard_error":67.7406627994822}}