{"mean":{"confidence_interval":{"confidence_level":0.95,"lower_bound":20296202.221,"upper_bound":20662988.29658333},"point_estimate":20430815.676666673,"standard_error":105137.0027423335},"median":{"confidence_interval":{"confidence_level":0.95,"lower_bound":20226805.333333332,"upper_bound":20278139.0},"point_estimate":20242319.5,"standard_error":13146.072204800397},"median_abs_dev":{"confidence_interval":{"confidence_level":0.95,"lower_bound":49275.93982517351,"upper_bound":116136.75083816236},"point_estimate":73450.72079598995,"standard_error":16515.94446595464},"slope":null,"std_dev":{"confidence_interval":{"confidence_level":0.95,"lower_bound":155914.8018918142,"upper_bound":1795315.2279470204},"point_estimate":1060245.3926801563,"standard_error":567213.9430991255}}