{"mean":{"confidence_interval":{"confidence_level":0.95,"lower_bound":99202.52372696497,"upper_bound":99547.29514385528},"point_estimate":99373.17854769128,"standard_error":88.17696569701648},"median":{"confidence_interval":{"confidence_level":0.95,"lower_bound":99134.45223880597,"upper_bound":99544.87780764635},"point_estimate":99387.766,"standard_error":92.41873846484235},"median_abs_dev":{"confidence_interval":{"confidence_level":0.95,"lower_bound":520.3808588831367,"upper_bound":820.6949911267168},"point_estimate":680.1858589683482,"standard_error":75.29515415753265},"slope":{"confidence_interval":{"confidence_level":0.95,"lower_bound":99265.59691534776,"upper_bound":99532.45620616738},"point_estimate":99395.63570947244,"standard_error":67.94684191763974},"std_dev":{"confidence_interval":{"confidence_level":0.95,"lower_bound":683.4324925257631,"upper_bound":1082.060034895396},"point_estimate":889.6325540884189,"standard_error":102.67551971558487}}