{"mean":{"confidence_interval":{"confidence_level":0.95,"lower_bound":30771091.178999998,"upper_bound":30930144.8},"point_estimate":30850427.69,"standard_error":40781.57379138373},"median":{"confidence_interval":{"confidence_level":0.95,"lower_bound":30772875.0,"upper_bound":30957572.75},"point_estimate":30848645.75,"standard_error":50608.308581019905},"median_abs_dev":{"confidence_interval":{"confidence_level":0.95,"lower_bound":307312.46078286343,"upper_bound":478880.18994692696},"point_estimate":393970.17905563116,"standard_error":43551.29657309448},"slope":null,"std_dev":{"confidence_interval":{"confidence_level":0.95,"lower_bound":345566.94311125705,"upper_bound":477667.4017191919},"point_estimate":413887.41011271044,"standard_error":33587.123575697115}}