{"mean":{"confidence_interval":{"confidence_level":0.95,"lower_bound":30019581.344375,"upper_bound":30622511.07},"point_estimate":30256996.045,"standard_error":163138.98771030575},"median":{"confidence_interval":{"confidence_level":0.95,"lower_bound":29872917.0,"upper_bound":30288624.75},"point_estimate":30085146.0,"standard_error":118523.06962193408},"median_abs_dev":{"confidence_interval":{"confidence_level":0.95,"lower_bound":525102.8108775616,"upper_bound":754535.89810431},"point_estimate":646521.8183219433,"standard_error":58719.76088793804},"slope":null,"std_dev":{"confidence_interval":{"confidence_level":0.95,"lower_bound":498442.6511932957,"upper_bound":2734977.9792100945},"point_estimate":1652601.6711229014,"standard_error":759867.7455237097}}