{"mean":{"confidence_interval":{"confidence_level":0.95,"lower_bound":7484560.711428567,"upper_bound":7490925.997142859},"point_estimate":7487722.561428568,"standard_error":1620.4409186472722},"median":{"confidence_interval":{"confidence_level":0.95,"lower_bound":7481869.0,"upper_bound":7489708.357142857},"point_estimate":7486949.428571429,"standard_error":1832.3799365796042},"median_abs_dev":{"confidence_interval":{"confidence_level":0.95,"lower_bound":11693.054192406988,"upper_bound":22967.062092254422},"point_estimate":16260.09751132586,"standard_error":2790.5754180841964},"slope":null,"std_dev":{"confidence_interval":{"confidence_level":0.95,"lower_bound":14217.350368775578,"upper_bound":18191.666463254864},"point_estimate":16317.8455102307,"standard_error":1009.0975888568672}}