{"mean":{"confidence_interval":{"confidence_level":0.95,"lower_bound":44231351.12775,"upper_bound":44393210.420375},"point_estimate":44310441.235,"standard_error":41086.571503612104},"median":{"confidence_interval":{"confidence_level":0.95,"lower_bound":44092604.0,"upper_bound":44298500.0},"point_estimate":44154312.5,"standard_error":55451.449056509264},"median_abs_dev":{"confidence_interval":{"confidence_level":0.95,"lower_bound":255871.92190736532,"upper_bound":468686.9166791439},"point_estimate":363715.50269275904,"standard_error":53774.584484112136},"slope":null,"std_dev":{"confidence_interval":{"confidence_level":0.95,"lower_bound":341274.9133860785,"upper_bound":483800.8808206678},"point_estimate":414130.1729132871,"standard_error":36493.32622705218}}