{"mean":{"confidence_interval":{"confidence_level":0.95,"lower_bound":54916750.42874999,"upper_bound":55195261.494},"point_estimate":55053291.3,"standard_error":70137.18563164958},"median":{"confidence_interval":{"confidence_level":0.95,"lower_bound":54904375.0,"upper_bound":55104292.0},"point_estimate":55024458.0,"standard_error":53872.82897607723},"median_abs_dev":{"confidence_interval":{"confidence_level":0.95,"lower_bound":367901.2530684471,"upper_bound":845699.4878858328},"point_estimate":557890.5092954636,"standard_error":129919.65905913025},"slope":null,"std_dev":{"confidence_interval":{"confidence_level":0.95,"lower_bound":598771.1020351886,"upper_bound":789326.7146587331},"point_estimate":700713.8087187245,"standard_error":48638.043195662554}}