{"mean":{"confidence_interval":{"confidence_level":0.95,"lower_bound":17783216.79725,"upper_bound":18528314.56666667},"point_estimate":18088188.200000003,"standard_error":196076.76654684552},"median":{"confidence_interval":{"confidence_level":0.95,"lower_bound":17606166.495833334,"upper_bound":17815708.333333332},"point_estimate":17733763.833333332,"standard_error":66422.23055365765},"median_abs_dev":{"confidence_interval":{"confidence_level":0.95,"lower_bound":370382.13702440076,"upper_bound":649656.5288662864},"point_estimate":532027.0469546327,"standard_error":67562.51022614197},"slope":null,"std_dev":{"confidence_interval":{"confidence_level":0.95,"lower_bound":662089.7677495944,"upper_bound":3173778.13376967},"point_estimate":1975716.7671281619,"standard_error":776793.970344638}}