{"mean":{"confidence_interval":{"confidence_level":0.95,"lower_bound":19407061.256666664,"upper_bound":19845560.40333333},"point_estimate":19604893.886666663,"standard_error":112042.30908698257},"median":{"confidence_interval":{"confidence_level":0.95,"lower_bound":19152208.333333332,"upper_bound":19363798.5},"point_estimate":19209902.666666668,"standard_error":50077.592468683084},"median_abs_dev":{"confidence_interval":{"confidence_level":0.95,"lower_bound":183945.19033431823,"upper_bound":418916.52976274304},"point_estimate":279047.5540459156,"standard_error":53233.63892998582},"slope":null,"std_dev":{"confidence_interval":{"confidence_level":0.95,"lower_bound":599816.5947134194,"upper_bound":1556549.9187756146},"point_estimate":1133467.419022864,"standard_error":241278.11026120186}}