{"mean":{"confidence_interval":{"confidence_level":0.95,"lower_bound":-0.005244992640500765,"upper_bound":0.003181778477939917},"point_estimate":-0.001084187142544435,"standard_error":0.0021543900152225745},"median":{"confidence_interval":{"confidence_level":0.95,"lower_bound":-0.008039158516298772,"upper_bound":-0.0009930695169163798},"point_estimate":-0.004821169822003757,"standard_error":0.0018209959775273344}}