{"mean":{"confidence_interval":{"confidence_level":0.95,"lower_bound":-0.0008888312232052526,"upper_bound":0.019434096324905524},"point_estimate":0.006509175682055446,"standard_error":0.005273513987750486},"median":{"confidence_interval":{"confidence_level":0.95,"lower_bound":-0.0032084609129256416,"upper_bound":0.0037558035416955793},"point_estimate":-0.00034734815787951234,"standard_error":0.0016418026878111383}}