{"mean":{"confidence_interval":{"confidence_level":0.95,"lower_bound":-0.029191901990889668,"upper_bound":-0.010916353767641784},"point_estimate":-0.018114512570814867,"standard_error":0.004928290719399336},"median":{"confidence_interval":{"confidence_level":0.95,"lower_bound":-0.018223492047460314,"upper_bound":-0.012676419032586206},"point_estimate":-0.01602504708138819,"standard_error":0.001424171430087256}}