{"mean":{"confidence_interval":{"confidence_level":0.95,"lower_bound":-0.016826785346471553,"upper_bound":0.025292019527016388},"point_estimate":0.00038867982644918975,"standard_error":0.011375857872697124},"median":{"confidence_interval":{"confidence_level":0.95,"lower_bound":-0.01739361767787828,"upper_bound":-0.011255163782726285},"point_estimate":-0.01425001332694742,"standard_error":0.001543611830292034}}