{"mean":{"confidence_interval":{"confidence_level":0.95,"lower_bound":0.003978887365092049,"upper_bound":0.010834805495215163},"point_estimate":0.007413635765102233,"standard_error":0.0017565220117354502},"median":{"confidence_interval":{"confidence_level":0.95,"lower_bound":0.005187647203458878,"upper_bound":0.012026373688903691},"point_estimate":0.009394102953776962,"standard_error":0.001730009609559968}}