{"mean":{"confidence_interval":{"confidence_level":0.95,"lower_bound":0.004313890611357059,"upper_bound":0.012013097989223976},"point_estimate":0.00825686480855703,"standard_error":0.0019697138886366657},"median":{"confidence_interval":{"confidence_level":0.95,"lower_bound":0.007063738437975821,"upper_bound":0.014490905761523454},"point_estimate":0.010489206380960292,"standard_error":0.0018875474102762748}}