{"mean":{"confidence_interval":{"confidence_level":0.95,"lower_bound":-0.012865269305143923,"upper_bound":0.0042492008776850694},"point_estimate":-0.004838325769060847,"standard_error":0.004259177647504747},"median":{"confidence_interval":{"confidence_level":0.95,"lower_bound":-0.017199509093208443,"upper_bound":0.004096951836251694},"point_estimate":-0.005167661481530028,"standard_error":0.005320070643480715}}