{"mean":{"confidence_interval":{"confidence_level":0.95,"lower_bound":0.024720743085834808,"upper_bound":0.042981227560997946},"point_estimate":0.0337999427383906,"standard_error":0.004644698850467506},"median":{"confidence_interval":{"confidence_level":0.95,"lower_bound":0.024407202159347465,"upper_bound":0.04421992906374794},"point_estimate":0.03169957419082814,"standard_error":0.005091118891942261}}