{"mean":{"confidence_interval":{"confidence_level":0.95,"lower_bound":-0.0675354306360627,"upper_bound":-0.04646269367063391},"point_estimate":-0.05636831820852384,"standard_error":0.005380349696155916},"median":{"confidence_interval":{"confidence_level":0.95,"lower_bound":-0.06458215258477518,"upper_bound":-0.041591362737544046},"point_estimate":-0.05261216317372874,"standard_error":0.0060120500693653925}}