{"mean":{"confidence_interval":{"confidence_level":0.95,"lower_bound":-0.0326359404553502,"upper_bound":-0.019959803364166327},"point_estimate":-0.026242019510140935,"standard_error":0.003233384379202279},"median":{"confidence_interval":{"confidence_level":0.95,"lower_bound":-0.033782870096063844,"upper_bound":-0.017857574557006317},"point_estimate":-0.02489286071696506,"standard_error":0.0040682597680040365}}