{"mean":{"confidence_interval":{"confidence_level":0.95,"lower_bound":-0.0201442385423349,"upper_bound":0.0030141598657874354},"point_estimate":-0.008718808084943075,"standard_error":0.0059345772303658895},"median":{"confidence_interval":{"confidence_level":0.95,"lower_bound":-0.03143978181195604,"upper_bound":0.012151527962163122},"point_estimate":-0.005714586001627109,"standard_error":0.011314347225945416}}