{"mean":{"confidence_interval":{"confidence_level":0.95,"lower_bound":-0.028962557892903463,"upper_bound":0.033538586014966364},"point_estimate":-0.005039333500356125,"standard_error":0.015446825719316593},"median":{"confidence_interval":{"confidence_level":0.95,"lower_bound":-0.02011295395003454,"upper_bound":-0.0022775047443415186},"point_estimate":-0.011643535296241181,"standard_error":0.004555302459467289}}