{"mean":{"confidence_interval":{"confidence_level":0.95,"lower_bound":-0.002376107792207649,"upper_bound":0.037935380990940126},"point_estimate":0.021314476828832918,"standard_error":0.010494979603503485},"median":{"confidence_interval":{"confidence_level":0.95,"lower_bound":0.016286932670744214,"upper_bound":0.03848494847060757},"point_estimate":0.026516255957684365,"standard_error":0.005519614317325161}}