{"mean":{"confidence_interval":{"confidence_level":0.95,"lower_bound":-0.020498545230764477,"upper_bound":-0.0005948641652643637},"point_estimate":-0.010837577252052255,"standard_error":0.005075964530507438},"median":{"confidence_interval":{"confidence_level":0.95,"lower_bound":-0.023493703046496756,"upper_bound":-0.004876986063048024},"point_estimate":-0.013712597040479557,"standard_error":0.004561885236761398}}