{"mean":{"confidence_interval":{"confidence_level":0.95,"lower_bound":0.16063744463502808,"upper_bound":0.18184379442427692},"point_estimate":0.17148122582958947,"standard_error":0.005421359889188863},"median":{"confidence_interval":{"confidence_level":0.95,"lower_bound":0.15263864221303947,"upper_bound":0.186062410146278},"point_estimate":0.1691182333096457,"standard_error":0.008506673501100943}}