{"mean":{"confidence_interval":{"confidence_level":0.95,"lower_bound":-0.03616652733195061,"upper_bound":-0.020898936319320834},"point_estimate":-0.02847474208752987,"standard_error":0.003888474557006455},"median":{"confidence_interval":{"confidence_level":0.95,"lower_bound":-0.03409733341417497,"upper_bound":-0.011736681263046722},"point_estimate":-0.026644654685866076,"standard_error":0.005858952863504411}}