{"mean":{"confidence_interval":{"confidence_level":0.95,"lower_bound":0.004570175677411268,"upper_bound":0.03589339069789396},"point_estimate":0.01858588903598113,"standard_error":0.008089558416836057},"median":{"confidence_interval":{"confidence_level":0.95,"lower_bound":-0.00031924950008640856,"upper_bound":0.019828191591680033},"point_estimate":0.011710892443725696,"standard_error":0.005102598372980949}}