{"mean":{"confidence_interval":{"confidence_level":0.95,"lower_bound":0.0027453825187026856,"upper_bound":0.027371220954482006},"point_estimate":0.014171069747841658,"standard_error":0.0062424245184526635},"median":{"confidence_interval":{"confidence_level":0.95,"lower_bound":-0.0027678080718509523,"upper_bound":0.01579414615512542},"point_estimate":0.006798964782474659,"standard_error":0.004813394730722088}}