{"mean":{"confidence_interval":{"confidence_level":0.95,"lower_bound":-0.00459429048672813,"upper_bound":0.01778028057342545},"point_estimate":0.0055913079254339415,"standard_error":0.00568736878077515},"median":{"confidence_interval":{"confidence_level":0.95,"lower_bound":-0.011057477934948712,"upper_bound":0.01047733257892558},"point_estimate":0.001453972878358245,"standard_error":0.005282862958988697}}