{"mean":{"confidence_interval":{"confidence_level":0.95,"lower_bound":-0.029866777979290656,"upper_bound":0.01917114139220157},"point_estimate":-0.0003837439316606295,"standard_error":0.013162160944587904},"median":{"confidence_interval":{"confidence_level":0.95,"lower_bound":0.00285910256560018,"upper_bound":0.023862156187291816},"point_estimate":0.010494177203610011,"standard_error":0.005220044349104721}}