{"mean":{"confidence_interval":{"confidence_level":0.95,"lower_bound":0.003306812225618516,"upper_bound":0.029308975404814325},"point_estimate":0.015677671996966236,"standard_error":0.006642697102123871},"median":{"confidence_interval":{"confidence_level":0.95,"lower_bound":-0.002619375241770583,"upper_bound":0.018923555164181982},"point_estimate":0.004851260942392077,"standard_error":0.005500518476347983}}