{"mean":{"confidence_interval":{"confidence_level":0.95,"lower_bound":-0.024294385465586158,"upper_bound":0.010846744619517831},"point_estimate":-0.009287549042988119,"standard_error":0.009157041028829247},"median":{"confidence_interval":{"confidence_level":0.95,"lower_bound":-0.024472919514512803,"upper_bound":-0.003806928549426436},"point_estimate":-0.012364814884628594,"standard_error":0.0051901093319241766}}