{"mean":{"confidence_interval":{"confidence_level":0.95,"lower_bound":74951.90879566612,"upper_bound":78158.36704860305},"point_estimate":76190.90976481963,"standard_error":852.5602103936261},"median":{"confidence_interval":{"confidence_level":0.95,"lower_bound":74493.41882118015,"upper_bound":74962.82162698414},"point_estimate":74770.99855699856,"standard_error":133.48278673717073},"median_abs_dev":{"confidence_interval":{"confidence_level":0.95,"lower_bound":766.1625864738771,"upper_bound":1249.9891683767303},"point_estimate":1009.4609146181631,"standard_error":125.96801190637441},"slope":{"confidence_interval":{"confidence_level":0.95,"lower_bound":74463.66193417054,"upper_bound":75838.26500118464},"point_estimate":74958.4143874686,"standard_error":375.810106257123},"std_dev":{"confidence_interval":{"confidence_level":0.95,"lower_bound":1381.2008503686498,"upper_bound":14194.091129149392},"point_estimate":8580.28573822512,"standard_error":3885.2625109250616}}