{"mean":{"confidence_interval":{"confidence_level":0.95,"lower_bound":0.14650908093234538,"upper_bound":0.17096441485034308},"point_estimate":0.1582395729721695,"standard_error":0.0061787968586954145},"median":{"confidence_interval":{"confidence_level":0.95,"lower_bound":0.1489785133781798,"upper_bound":0.15928367203971083},"point_estimate":0.1544579814201823,"standard_error":0.0026496674394594364}}