{"mean":{"confidence_interval":{"confidence_level":0.95,"lower_bound":0.03137500164277767,"upper_bound":0.0473927566260411},"point_estimate":0.038968032689141285,"standard_error":0.0040603863291066205},"median":{"confidence_interval":{"confidence_level":0.95,"lower_bound":0.03348026056661707,"upper_bound":0.049422063981566344},"point_estimate":0.04270513954296651,"standard_error":0.004196146368405479}}