{"mean":{"confidence_interval":{"confidence_level":0.95,"lower_bound":-0.017333182146045827,"upper_bound":-0.0021832821425243816},"point_estimate":-0.009488663605690117,"standard_error":0.0038621962865472105},"median":{"confidence_interval":{"confidence_level":0.95,"lower_bound":-0.01446294996111086,"upper_bound":-0.0014083772959728735},"point_estimate":-0.009076568340544822,"standard_error":0.0032736993925686184}}