{"mean":{"confidence_interval":{"confidence_level":0.95,"lower_bound":0.005032621327065815,"upper_bound":0.01971286162593721},"point_estimate":0.012296796676289246,"standard_error":0.0036932309240235283},"median":{"confidence_interval":{"confidence_level":0.95,"lower_bound":-0.0013538514629726217,"upper_bound":0.005553719930087944},"point_estimate":0.0029810437433248627,"standard_error":0.0017325810157964776}}