{"mean":{"confidence_interval":{"confidence_level":0.95,"lower_bound":-0.014749118890286772,"upper_bound":0.020537998774936242},"point_estimate":0.0049783335095041625,"standard_error":0.00910031820202016},"median":{"confidence_interval":{"confidence_level":0.95,"lower_bound":0.01687523266335078,"upper_bound":0.031927446891539146},"point_estimate":0.024247003824014124,"standard_error":0.003937864896130837}}