{"mean":{"confidence_interval":{"confidence_level":0.95,"lower_bound":-0.022891839948749396,"upper_bound":-0.01029202142760478},"point_estimate":-0.016351501245360667,"standard_error":0.0032221835879614204},"median":{"confidence_interval":{"confidence_level":0.95,"lower_bound":-0.023856085495383317,"upper_bound":-0.008191544131515904},"point_estimate":-0.015748882608949577,"standard_error":0.0040173068554692284}}