{"mean":{"confidence_interval":{"confidence_level":0.95,"lower_bound":0.02244447501879427,"upper_bound":0.1181294006988612},"point_estimate":0.062124437018876266,"standard_error":0.02550641293022127},"median":{"confidence_interval":{"confidence_level":0.95,"lower_bound":0.01836771849071628,"upper_bound":0.037222781956919304},"point_estimate":0.03103511915365398,"standard_error":0.004982335598187592}}