{"mean":{"confidence_interval":{"confidence_level":0.95,"lower_bound":-0.02372615381094811,"upper_bound":-0.011743970389949612},"point_estimate":-0.017586499750655293,"standard_error":0.0030648533638469476},"median":{"confidence_interval":{"confidence_level":0.95,"lower_bound":-0.002160192024718066,"upper_bound":0.0018922192773835889},"point_estimate":0.0001994292135165665,"standard_error":0.0011154029704694415}}