{"mean":{"confidence_interval":{"confidence_level":0.95,"lower_bound":0.014371130884862275,"upper_bound":0.1861393816707599},"point_estimate":0.07453170279907417,"standard_error":0.04466222202121625},"median":{"confidence_interval":{"confidence_level":0.95,"lower_bound":0.005138806844967148,"upper_bound":0.020786888310951657},"point_estimate":0.013117474864246859,"standard_error":0.004172401659926088}}