{"mean":{"confidence_interval":{"confidence_level":0.95,"lower_bound":0.02103143626484195,"upper_bound":0.07397491236363203},"point_estimate":0.040480450572926374,"standard_error":0.015622178369533387},"median":{"confidence_interval":{"confidence_level":0.95,"lower_bound":0.019261627146550664,"upper_bound":0.03311266372321464},"point_estimate":0.025742974492003468,"standard_error":0.0035065598944790033}}