{"mean":{"confidence_interval":{"confidence_level":0.95,"lower_bound":0.009248823363457132,"upper_bound":0.017275049090867772},"point_estimate":0.013427225584326852,"standard_error":0.0020539078048780962},"median":{"confidence_interval":{"confidence_level":0.95,"lower_bound":0.009513897290454265,"upper_bound":0.022604646850750365},"point_estimate":0.015725946330457985,"standard_error":0.003379343265398665}}