{"mean":{"confidence_interval":{"confidence_level":0.95,"lower_bound":-0.02568667036139326,"upper_bound":-0.007838187467544428},"point_estimate":-0.017051233386282227,"standard_error":0.004707119890808052},"median":{"confidence_interval":{"confidence_level":0.95,"lower_bound":-0.03087516724494066,"upper_bound":-0.01694269565976092},"point_estimate":-0.024770700873118834,"standard_error":0.003913596279519174}}