{"mean":{"confidence_interval":{"confidence_level":0.95,"lower_bound":-0.03242843599763355,"upper_bound":-0.01276657973298671},"point_estimate":-0.021484170869564778,"standard_error":0.0050701530361284206},"median":{"confidence_interval":{"confidence_level":0.95,"lower_bound":-0.02906797980698217,"upper_bound":-0.011634580239680092},"point_estimate":-0.022180607341474978,"standard_error":0.004515139089491573}}