{"mean":{"confidence_interval":{"confidence_level":0.95,"lower_bound":-0.06238585222436576,"upper_bound":0.0020182554230806786},"point_estimate":-0.02670005657743746,"standard_error":0.016346414663448553},"median":{"confidence_interval":{"confidence_level":0.95,"lower_bound":-0.03458548544543216,"upper_bound":-0.021823968504186345},"point_estimate":-0.027552992103186624,"standard_error":0.0032768564512808455}}