{"mean":{"confidence_interval":{"confidence_level":0.95,"lower_bound":-0.009413651143975599,"upper_bound":0.011604180132823565},"point_estimate":-0.00032709353197779567,"standard_error":0.005484575382074117},"median":{"confidence_interval":{"confidence_level":0.95,"lower_bound":-0.008974884762631197,"upper_bound":0.010114905324486223},"point_estimate":0.001917475074140862,"standard_error":0.0048820101476905855}}