{"mean":{"confidence_interval":{"confidence_level":0.95,"lower_bound":-0.07697643107745661,"upper_bound":-0.019003366119131056},"point_estimate":-0.04506015453231038,"standard_error":0.014945259675565365},"median":{"confidence_interval":{"confidence_level":0.95,"lower_bound":-0.01707582283211928,"upper_bound":-0.008080687090519567},"point_estimate":-0.012430759477050857,"standard_error":0.002238676407620189}}