{"mean":{"confidence_interval":{"confidence_level":0.95,"lower_bound":-0.02426033281244417,"upper_bound":-0.006336179210968641},"point_estimate":-0.014107951481716063,"standard_error":0.004633379117759942},"median":{"confidence_interval":{"confidence_level":0.95,"lower_bound":-0.017376677399202012,"upper_bound":-0.00469386447595288},"point_estimate":-0.011049656691310417,"standard_error":0.0032627275658722054}}