{"mean":{"confidence_interval":{"confidence_level":0.95,"lower_bound":-0.008762843946408107,"upper_bound":0.0009378196347858745},"point_estimate":-0.00392892008286394,"standard_error":0.0024809852070208534},"median":{"confidence_interval":{"confidence_level":0.95,"lower_bound":-0.012057041257821366,"upper_bound":0.000942250375351561},"point_estimate":-0.006791391464545882,"standard_error":0.003523453621681953}}