{"mean":{"confidence_interval":{"confidence_level":0.95,"lower_bound":-0.01767042291846605,"upper_bound":-0.004447150926866251},"point_estimate":-0.010447561998249144,"standard_error":0.003391745463590543},"median":{"confidence_interval":{"confidence_level":0.95,"lower_bound":-0.016263374670106967,"upper_bound":-0.004619466519726778},"point_estimate":-0.011676794397314949,"standard_error":0.0027908134137405627}}