{"mean":{"confidence_interval":{"confidence_level":0.95,"lower_bound":-0.011047427603338541,"upper_bound":0.009383252015127404},"point_estimate":0.00003959593966573749,"standard_error":0.005127208373361398},"median":{"confidence_interval":{"confidence_level":0.95,"lower_bound":-0.0017887831857080557,"upper_bound":0.008115450214176293},"point_estimate":0.0029338638304883258,"standard_error":0.0024960085388002666}}