{"mean":{"confidence_interval":{"confidence_level":0.95,"lower_bound":-0.03685483160642049,"upper_bound":-0.0010631700810602538},"point_estimate":-0.022849510278407092,"standard_error":0.009288946756521903},"median":{"confidence_interval":{"confidence_level":0.95,"lower_bound":-0.039270800354569424,"upper_bound":-0.033021047549253946},"point_estimate":-0.03631065032924086,"standard_error":0.0016312552155048894}}