{"mean":{"confidence_interval":{"confidence_level":0.95,"lower_bound":-0.035404131317208216,"upper_bound":0.025069914718773727},"point_estimate":-0.007807468496052294,"standard_error":0.015141791088338925},"median":{"confidence_interval":{"confidence_level":0.95,"lower_bound":-0.012761542207534338,"upper_bound":-0.006258458915399556},"point_estimate":-0.008786082181411858,"standard_error":0.0017813132789304058}}