{"mean":{"confidence_interval":{"confidence_level":0.95,"lower_bound":0.026473240095238184,"upper_bound":0.077796416825458},"point_estimate":0.05567749308800041,"standard_error":0.013294868498906383},"median":{"confidence_interval":{"confidence_level":0.95,"lower_bound":0.06178287772209967,"upper_bound":0.07183253856417292},"point_estimate":0.06627799654202504,"standard_error":0.0026636511421934844}}