{"mean":{"confidence_interval":{"confidence_level":0.95,"lower_bound":0.04362116111882574,"upper_bound":0.05191274903198148},"point_estimate":0.047829813309245184,"standard_error":0.002124299522035144},"median":{"confidence_interval":{"confidence_level":0.95,"lower_bound":0.04327891953216634,"upper_bound":0.050202824250271005},"point_estimate":0.046720362634279144,"standard_error":0.0017736692803531672}}