{"mean":{"confidence_interval":{"confidence_level":0.95,"lower_bound":139266.0130448364,"upper_bound":140750.29079090527},"point_estimate":140011.91609595658,"standard_error":379.91179617300986},"median":{"confidence_interval":{"confidence_level":0.95,"lower_bound":139105.25274725276,"upper_bound":141401.64784053157},"point_estimate":140608.6757653061,"standard_error":537.0865320051959},"median_abs_dev":{"confidence_interval":{"confidence_level":0.95,"lower_bound":3087.466097330154,"upper_bound":5361.3047224731745},"point_estimate":3888.35537617339,"standard_error":600.5280187333643},"slope":{"confidence_interval":{"confidence_level":0.95,"lower_bound":138945.86598531253,"upper_bound":140715.64160592496},"point_estimate":139821.7889092022,"standard_error":452.26586062011125},"std_dev":{"confidence_interval":{"confidence_level":0.95,"lower_bound":3390.1430387255173,"upper_bound":4182.347903262011},"point_estimate":3817.1836477611428,"standard_error":202.79673459849343}}