{"mean":{"confidence_interval":{"confidence_level":0.95,"lower_bound":-0.05830709292866709,"upper_bound":-0.023376939819103923},"point_estimate":-0.038570137164505525,"standard_error":0.009010692576915334},"median":{"confidence_interval":{"confidence_level":0.95,"lower_bound":-0.03245524893537621,"upper_bound":-0.010719007783623558},"point_estimate":-0.019910934311134,"standard_error":0.005621291735786241}}