{"mean":{"confidence_interval":{"confidence_level":0.95,"lower_bound":0.011033911421937891,"upper_bound":0.02690300363348952},"point_estimate":0.018748793339596004,"standard_error":0.004073982182913637},"median":{"confidence_interval":{"confidence_level":0.95,"lower_bound":0.011286024045127796,"upper_bound":0.03078661633867852},"point_estimate":0.020639680139519223,"standard_error":0.0050921173405377475}}