{"mean":{"confidence_interval":{"confidence_level":0.95,"lower_bound":-0.011606738158766275,"upper_bound":0.026814785721995568},"point_estimate":0.0030824351910738734,"standard_error":0.009547787789443554},"median":{"confidence_interval":{"confidence_level":0.95,"lower_bound":-0.019538760152280066,"upper_bound":0.0018502669885274159},"point_estimate":-0.01055025684363664,"standard_error":0.005783449235794527}}