{"mean":{"confidence_interval":{"confidence_level":0.95,"lower_bound":0.059562310944423186,"upper_bound":0.15883659753607243},"point_estimate":0.1017294216575797,"standard_error":0.02536141791493426},"median":{"confidence_interval":{"confidence_level":0.95,"lower_bound":0.054761030085707096,"upper_bound":0.07183289534830073},"point_estimate":0.06301314864166208,"standard_error":0.0042172508460406165}}