{"mean":{"confidence_interval":{"confidence_level":0.95,"lower_bound":0.018942329181350095,"upper_bound":0.03273602695289504},"point_estimate":0.02581635055795317,"standard_error":0.003518268297404467},"median":{"confidence_interval":{"confidence_level":0.95,"lower_bound":0.022905349670824693,"upper_bound":0.03708427755708632},"point_estimate":0.030559207706474023,"standard_error":0.0035779724195667403}}