{"mean":{"confidence_interval":{"confidence_level":0.95,"lower_bound":0.198157046344553,"upper_bound":0.2722976997023941},"point_estimate":0.2270924193867183,"standard_error":0.019070106680934177},"median":{"confidence_interval":{"confidence_level":0.95,"lower_bound":0.19030685282680393,"upper_bound":0.21659213283840062},"point_estimate":0.2021220089198592,"standard_error":0.0067400734416745624}}