{"mean":{"confidence_interval":{"confidence_level":0.95,"lower_bound":-0.05756669069664731,"upper_bound":-0.044341947529383696},"point_estimate":-0.0508441831464137,"standard_error":0.003361343322445089},"median":{"confidence_interval":{"confidence_level":0.95,"lower_bound":-0.06333067282794491,"upper_bound":-0.04867173085971577},"point_estimate":-0.05577982045061225,"standard_error":0.003557543536092671}}