{"mean":{"confidence_interval":{"confidence_level":0.95,"lower_bound":0.07616783893022051,"upper_bound":0.1140202970122216},"point_estimate":0.09395426277591579,"standard_error":0.00977624367154213},"median":{"confidence_interval":{"confidence_level":0.95,"lower_bound":0.07099362218380585,"upper_bound":0.09617371735357177},"point_estimate":0.0844964306438365,"standard_error":0.006239939777715197}}