{"mean":{"confidence_interval":{"confidence_level":0.95,"lower_bound":-0.05564600413923789,"upper_bound":-0.04015216474914952},"point_estimate":-0.047636045510005,"standard_error":0.003932663572619314},"median":{"confidence_interval":{"confidence_level":0.95,"lower_bound":-0.05735344028953937,"upper_bound":-0.03963045486979233},"point_estimate":-0.04724082961294662,"standard_error":0.0045601769469675035}}