{"mean":{"confidence_interval":{"confidence_level":0.95,"lower_bound":0.04639992698134736,"upper_bound":0.06416837709014629},"point_estimate":0.05519844995300027,"standard_error":0.004533540020931247},"median":{"confidence_interval":{"confidence_level":0.95,"lower_bound":0.04322694524548032,"upper_bound":0.06369702816670086},"point_estimate":0.05282390438276563,"standard_error":0.005181664953219796}}