{"mean":{"confidence_interval":{"confidence_level":0.95,"lower_bound":-0.021290809229358262,"upper_bound":-0.0071284930453208335},"point_estimate":-0.01410322798760244,"standard_error":0.0036109142962814896},"median":{"confidence_interval":{"confidence_level":0.95,"lower_bound":-0.02356570913025767,"upper_bound":-0.00694357380388666},"point_estimate":-0.01612447273326245,"standard_error":0.004337863688654226}}