{"mean":{"confidence_interval":{"confidence_level":0.95,"lower_bound":-0.03784396795910367,"upper_bound":0.053681708863664496},"point_estimate":0.013598049075210339,"standard_error":0.023952954693842333},"median":{"confidence_interval":{"confidence_level":0.95,"lower_bound":0.04652312274910897,"upper_bound":0.06649102386056605},"point_estimate":0.05842863544562471,"standard_error":0.005018323055843854}}