{"mean":{"confidence_interval":{"confidence_level":0.95,"lower_bound":0.005111582489722068,"upper_bound":0.04650868800213187},"point_estimate":0.02299282129480895,"standard_error":0.010464662751493829},"median":{"confidence_interval":{"confidence_level":0.95,"lower_bound":-0.0024681715707453034,"upper_bound":0.01678879271997702},"point_estimate":0.007184201862539208,"standard_error":0.00490946120465131}}