{"mean":{"confidence_interval":{"confidence_level":0.95,"lower_bound":-0.09860994423592395,"upper_bound":-0.058980020875947566},"point_estimate":-0.07418668074205081,"standard_error":0.01085462897984512},"median":{"confidence_interval":{"confidence_level":0.95,"lower_bound":-0.07148166157887093,"upper_bound":-0.05801784015950329},"point_estimate":-0.06413508383356037,"standard_error":0.0036267140711250053}}