{"mean":{"confidence_interval":{"confidence_level":0.95,"lower_bound":-0.04329543836859803,"upper_bound":-0.006646190700396459},"point_estimate":-0.023114708048632027,"standard_error":0.009443550889618346},"median":{"confidence_interval":{"confidence_level":0.95,"lower_bound":-0.02761612916525813,"upper_bound":-0.003377532288908247},"point_estimate":-0.014972367233280992,"standard_error":0.006400824491957139}}