{"mean":{"confidence_interval":{"confidence_level":0.95,"lower_bound":-0.01467393407107139,"upper_bound":0.024201626417169244},"point_estimate":0.006162913174111662,"standard_error":0.009935675372034426},"median":{"confidence_interval":{"confidence_level":0.95,"lower_bound":0.008122030740963782,"upper_bound":0.024171536263921878},"point_estimate":0.015363934382154332,"standard_error":0.00399493209176828}}