{"mean":{"confidence_interval":{"confidence_level":0.95,"lower_bound":-0.011911994140351835,"upper_bound":0.006286256220122389},"point_estimate":-0.002852643730297033,"standard_error":0.004672582966967681},"median":{"confidence_interval":{"confidence_level":0.95,"lower_bound":-0.01824448838074011,"upper_bound":0.006156143596987684},"point_estimate":-0.004389181373194995,"standard_error":0.005463895655119475}}