{"mean":{"confidence_interval":{"confidence_level":0.95,"lower_bound":500629.7371206312,"upper_bound":510248.7440376123},"point_estimate":504307.3539428591,"standard_error":2599.1104792535575},"median":{"confidence_interval":{"confidence_level":0.95,"lower_bound":499571.3064516129,"upper_bound":502239.4583333334},"point_estimate":501264.37443310657,"standard_error":660.0430049744429},"median_abs_dev":{"confidence_interval":{"confidence_level":0.95,"lower_bound":4314.786875897199,"upper_bound":7970.108427571054},"point_estimate":6544.413432298298,"standard_error":1003.0826941706781},"slope":{"confidence_interval":{"confidence_level":0.95,"lower_bound":498817.9222725505,"upper_bound":523705.91960956476},"point_estimate":507221.16475690855,"standard_error":7209.441760411586},"std_dev":{"confidence_interval":{"confidence_level":0.95,"lower_bound":6758.014971389363,"upper_bound":43421.67238980465},"point_estimate":26103.326561362755,"standard_error":12417.85918098658}}