{"mean":{"confidence_interval":{"confidence_level":0.95,"lower_bound":499612.77327717113,"upper_bound":517267.6712079882},"point_estimate":506108.4153195188,"standard_error":5046.478452251338},"median":{"confidence_interval":{"confidence_level":0.95,"lower_bound":495756.13958333334,"upper_bound":504523.8125},"point_estimate":500153.9714407502,"standard_error":2252.0097573498665},"median_abs_dev":{"confidence_interval":{"confidence_level":0.95,"lower_bound":8842.43730759871,"upper_bound":14928.590359964572},"point_estimate":13320.90665469802,"standard_error":1643.839276712568},"slope":{"confidence_interval":{"confidence_level":0.95,"lower_bound":495765.18905972753,"upper_bound":502004.36712484073},"point_estimate":498314.0934121472,"standard_error":1604.7927515692595},"std_dev":{"confidence_interval":{"confidence_level":0.95,"lower_bound":9180.258474668883,"upper_bound":86187.12785128504},"point_estimate":50859.88441503886,"standard_error":27076.88288651685}}