{"mean":{"confidence_interval":{"confidence_level":0.95,"lower_bound":-0.08000625857462287,"upper_bound":-0.03456024606537252},"point_estimate":-0.05650181125805276,"standard_error":0.011654938107225857},"median":{"confidence_interval":{"confidence_level":0.95,"lower_bound":-0.08548240437344734,"upper_bound":-0.02636169385531617},"point_estimate":-0.051994765641172336,"standard_error":0.015069176526834382}}