{"mean":{"confidence_interval":{"confidence_level":0.95,"lower_bound":-0.020734632960209807,"upper_bound":0.03893390643099694},"point_estimate":0.008937442707950494,"standard_error":0.0152091457722387},"median":{"confidence_interval":{"confidence_level":0.95,"lower_bound":-0.0068488330601522915,"upper_bound":0.04497209871502372},"point_estimate":0.016612313849443394,"standard_error":0.013716269425490956}}