{"mean":{"confidence_interval":{"confidence_level":0.95,"lower_bound":-0.03706640854345056,"upper_bound":0.19412438839717616},"point_estimate":0.048688244331851704,"standard_error":0.06728239860511781},"median":{"confidence_interval":{"confidence_level":0.95,"lower_bound":-0.06268303476413384,"upper_bound":-0.022430076963882738},"point_estimate":-0.040640234358546024,"standard_error":0.010362046401518528}}