{"mean":{"confidence_interval":{"confidence_level":0.95,"lower_bound":-0.0696070772176356,"upper_bound":-0.006157664628207687},"point_estimate":-0.03918772484299293,"standard_error":0.016096991292951397},"median":{"confidence_interval":{"confidence_level":0.95,"lower_bound":-0.06773208842289158,"upper_bound":0.004616413967850151},"point_estimate":-0.04026153545736777,"standard_error":0.01861603358503083}}