{"mean":{"confidence_interval":{"confidence_level":0.95,"lower_bound":0.18554904537444966,"upper_bound":0.34215330161526397},"point_estimate":0.2675350108935912,"standard_error":0.040478201332146274},"median":{"confidence_interval":{"confidence_level":0.95,"lower_bound":0.3173633428447828,"upper_bound":0.38910486304057446},"point_estimate":0.3549275190993084,"standard_error":0.01774477061605897}}