{"mean":{"confidence_interval":{"confidence_level":0.95,"lower_bound":-0.01746750195670236,"upper_bound":0.0868952922370641},"point_estimate":0.025151639531552306,"standard_error":0.02680471501627834},"median":{"confidence_interval":{"confidence_level":0.95,"lower_bound":-0.018383106680210592,"upper_bound":0.004709659255521581},"point_estimate":-0.006202727081136783,"standard_error":0.005889404390372799}}