{"mean":{"confidence_interval":{"confidence_level":0.95,"lower_bound":0.09391827263581384,"upper_bound":0.20907875395269895},"point_estimate":0.1488093601766225,"standard_error":0.02930385414865022},"median":{"confidence_interval":{"confidence_level":0.95,"lower_bound":0.0913911030268828,"upper_bound":0.16707151770376272},"point_estimate":0.1180795310572611,"standard_error":0.018709865906282184}}