{"mean":{"confidence_interval":{"confidence_level":0.95,"lower_bound":0.08502835087696578,"upper_bound":0.14472515242495143},"point_estimate":0.11352289459933473,"standard_error":0.015211144924914067},"median":{"confidence_interval":{"confidence_level":0.95,"lower_bound":0.07819377783398296,"upper_bound":0.12348139246197021},"point_estimate":0.10291079298041961,"standard_error":0.012026099559086217}}