{"mean":{"confidence_interval":{"confidence_level":0.95,"lower_bound":-0.06316263143318229,"upper_bound":0.01296123090367618},"point_estimate":-0.028194252572937062,"standard_error":0.01933199574379018},"median":{"confidence_interval":{"confidence_level":0.95,"lower_bound":-0.06678854446074245,"upper_bound":0.009450740007730385},"point_estimate":-0.026976304938874374,"standard_error":0.01986164183467586}}