{"mean":{"confidence_interval":{"confidence_level":0.95,"lower_bound":-0.1426876494068452,"upper_bound":-0.06849667370239061},"point_estimate":-0.1044304939631091,"standard_error":0.018966038851948065},"median":{"confidence_interval":{"confidence_level":0.95,"lower_bound":-0.08719858646445744,"upper_bound":-0.038508786296436504},"point_estimate":-0.0510177047288648,"standard_error":0.012524886070744472}}