{"mean":{"confidence_interval":{"confidence_level":0.95,"lower_bound":-0.005951742547042182,"upper_bound":0.0492713435707217},"point_estimate":0.020718400447909513,"standard_error":0.013945666179412985},"median":{"confidence_interval":{"confidence_level":0.95,"lower_bound":-0.006314198456339959,"upper_bound":0.04164020802982926},"point_estimate":0.018120547178682944,"standard_error":0.012079996731483387}}