{"mean":{"confidence_interval":{"confidence_level":0.95,"lower_bound":4154932.1070625004,"upper_bound":4268857.924916667},"point_estimate":4201706.361666665,"standard_error":30152.670130061168},"median":{"confidence_interval":{"confidence_level":0.95,"lower_bound":4137583.3333333335,"upper_bound":4165258.666666667},"point_estimate":4151315.9583333335,"standard_error":7369.030070612784},"median_abs_dev":{"confidence_interval":{"confidence_level":0.95,"lower_bound":30872.05570191122,"upper_bound":55389.19680539425},"point_estimate":40030.1992893219,"standard_error":6536.089799713347},"slope":null,"std_dev":{"confidence_interval":{"confidence_level":0.95,"lower_bound":45304.60557693874,"upper_bound":470733.0718090233},"point_estimate":301511.31265783904,"standard_error":116059.03646924811}}