{"mean":{"confidence_interval":{"confidence_level":0.95,"lower_bound":4118979.0607499997,"upper_bound":4133355.130208334},"point_estimate":4126030.586666663,"standard_error":3679.785817299718},"median":{"confidence_interval":{"confidence_level":0.95,"lower_bound":4113489.5833333335,"upper_bound":4129475.666666667},"point_estimate":4122746.5,"standard_error":4081.073622709307},"median_abs_dev":{"confidence_interval":{"confidence_level":0.95,"lower_bound":25595.42062059045,"upper_bound":42514.113308974156},"point_estimate":35741.96419045329,"standard_error":4273.26530008494},"slope":null,"std_dev":{"confidence_interval":{"confidence_level":0.95,"lower_bound":31236.373618079597,"upper_bound":42495.11645579386},"point_estimate":36949.00604111665,"standard_error":2872.4248101674516}}