{"mean":{"confidence_interval":{"confidence_level":0.95,"lower_bound":4091059.2342499997,"upper_bound":4112258.0884999996},"point_estimate":4101337.3753846157,"standard_error":5388.742034221816},"median":{"confidence_interval":{"confidence_level":0.95,"lower_bound":4088849.3846153845,"upper_bound":4104240.3846153845},"point_estimate":4098137.807692308,"standard_error":3889.7187885999433},"median_abs_dev":{"confidence_interval":{"confidence_level":0.95,"lower_bound":32840.50178619615,"upper_bound":57600.54860046282},"point_estimate":48167.848406388235,"standard_error":6234.227330289252},"slope":null,"std_dev":{"confidence_interval":{"confidence_level":0.95,"lower_bound":42768.51368767471,"upper_bound":65256.77720799179},"point_estimate":54018.3719076999,"standard_error":5792.282177135832}}