{"mean":{"confidence_interval":{"confidence_level":0.95,"lower_bound":-0.0077642881236420075,"upper_bound":0.008458121543135853},"point_estimate":0.0018199151355065002,"standard_error":0.004257122405378816},"median":{"confidence_interval":{"confidence_level":0.95,"lower_bound":0.0026149560215613654,"upper_bound":0.009376629568143002},"point_estimate":0.005971147673574206,"standard_error":0.0017016091591676278}}