{"mean":{"confidence_interval":{"confidence_level":0.95,"lower_bound":0.0020151574168644605,"upper_bound":0.019080197036647834},"point_estimate":0.009390135709789638,"standard_error":0.004490564261378592},"median":{"confidence_interval":{"confidence_level":0.95,"lower_bound":0.0006961581764761693,"upper_bound":0.009321237812552674},"point_estimate":0.004651586402126595,"standard_error":0.002363268271716386}}