{"mean":{"confidence_interval":{"confidence_level":0.95,"lower_bound":26557.65696569843,"upper_bound":27099.868534059162},"point_estimate":26763.812706672776,"standard_error":147.4155105900039},"median":{"confidence_interval":{"confidence_level":0.95,"lower_bound":26409.59618874773,"upper_bound":26669.45334403593},"point_estimate":26595.531927244585,"standard_error":64.18198473524633},"median_abs_dev":{"confidence_interval":{"confidence_level":0.95,"lower_bound":376.65639502443867,"upper_bound":603.9040577818474},"point_estimate":528.619215803103,"standard_error":58.4917308317815},"slope":{"confidence_interval":{"confidence_level":0.95,"lower_bound":26552.275112598014,"upper_bound":27370.675551873235},"point_estimate":26846.14930381962,"standard_error":222.77949753417127},"std_dev":{"confidence_interval":{"confidence_level":0.95,"lower_bound":402.6034138045803,"upper_bound":2458.387975248131},"point_estimate":1474.0482300732979,"standard_error":712.1340427550924}}