{"mean":{"confidence_interval":{"confidence_level":0.95,"lower_bound":-0.01799071957326844,"upper_bound":0.008701236569341655},"point_estimate":-0.0020528558724947077,"standard_error":0.0071160852246474615},"median":{"confidence_interval":{"confidence_level":0.95,"lower_bound":-0.0007452621709232998,"upper_bound":0.012762985773590474},"point_estimate":0.005984595441336227,"standard_error":0.003269438829836685}}