{"mean":{"confidence_interval":{"confidence_level":0.95,"lower_bound":0.04456248183944594,"upper_bound":0.08877461885499133},"point_estimate":0.06234832755064312,"standard_error":0.011148595266087948},"median":{"confidence_interval":{"confidence_level":0.95,"lower_bound":0.03582751203118776,"upper_bound":0.0506309857367464},"point_estimate":0.04260170798352303,"standard_error":0.0037666430277171277}}