{"mean":{"confidence_interval":{"confidence_level":0.95,"lower_bound":-0.022621220635289804,"upper_bound":-0.01190279951078395},"point_estimate":-0.017338422569916023,"standard_error":0.00273602593297901},"median":{"confidence_interval":{"confidence_level":0.95,"lower_bound":-0.021810446575704353,"upper_bound":-0.01338494213644048},"point_estimate":-0.01746410270931098,"standard_error":0.0021767017521488255}}