{"mean":{"confidence_interval":{"confidence_level":0.95,"lower_bound":0.03829777114949294,"upper_bound":0.04244086786757184},"point_estimate":0.040345226071520246,"standard_error":0.001057805976728525},"median":{"confidence_interval":{"confidence_level":0.95,"lower_bound":0.038959204353129495,"upper_bound":0.043743662909684344},"point_estimate":0.041214644481585516,"standard_error":0.0012292343327520812}}