{"mean":{"confidence_interval":{"confidence_level":0.95,"lower_bound":-0.023662586549450533,"upper_bound":0.008601846321192165},"point_estimate":-0.00823109754348006,"standard_error":0.008267214826161974},"median":{"confidence_interval":{"confidence_level":0.95,"lower_bound":-0.016045878591614153,"upper_bound":-0.004067571684851612},"point_estimate":-0.010548086351054975,"standard_error":0.002870918747607893}}