{"mean":{"confidence_interval":{"confidence_level":0.95,"lower_bound":-0.01866423146352209,"upper_bound":-0.010372269247594438},"point_estimate":-0.014594896895045784,"standard_error":0.00211760727827811},"median":{"confidence_interval":{"confidence_level":0.95,"lower_bound":-0.01929500894703451,"upper_bound":-0.009476442267128515},"point_estimate":-0.015112641008709682,"standard_error":0.0022782665641870995}}