{"mean":{"confidence_interval":{"confidence_level":0.95,"lower_bound":-0.009235714085576328,"upper_bound":0.016142024237221036},"point_estimate":0.004084749750985717,"standard_error":0.006485736483946657},"median":{"confidence_interval":{"confidence_level":0.95,"lower_bound":0.004633480481206265,"upper_bound":0.01679722506413439},"point_estimate":0.01087440281133234,"standard_error":0.0031567177398949113}}