{"mean":{"confidence_interval":{"confidence_level":0.95,"lower_bound":-0.0005419238484164167,"upper_bound":0.008932130893527844},"point_estimate":0.004438321563046355,"standard_error":0.002414962018561219},"median":{"confidence_interval":{"confidence_level":0.95,"lower_bound":-0.00010283517589193547,"upper_bound":0.009415317548591151},"point_estimate":0.004656123852674776,"standard_error":0.00235358509278002}}