{"mean":{"confidence_interval":{"confidence_level":0.95,"lower_bound":-0.013699601606349658,"upper_bound":-0.0031761955142488585},"point_estimate":-0.008455584056196286,"standard_error":0.002696963262709351},"median":{"confidence_interval":{"confidence_level":0.95,"lower_bound":-0.017539981662376136,"upper_bound":-0.0071582710932216465},"point_estimate":-0.013031702476109408,"standard_error":0.0027799244011254476}}