{"mean":{"confidence_interval":{"confidence_level":0.95,"lower_bound":0.019841528050489554,"upper_bound":0.03860712791074306},"point_estimate":0.02819986769108085,"standard_error":0.005049174315803103},"median":{"confidence_interval":{"confidence_level":0.95,"lower_bound":0.017100252930248194,"upper_bound":0.024927275540073568},"point_estimate":0.020982335795914464,"standard_error":0.0018961932086793037}}