{"mean":{"confidence_interval":{"confidence_level":0.95,"lower_bound":-0.08629447726151374,"upper_bound":-0.04956606826607085},"point_estimate":-0.0662385753391802,"standard_error":0.009456329848905433},"median":{"confidence_interval":{"confidence_level":0.95,"lower_bound":-0.054150898328929054,"upper_bound":-0.03858124462260193},"point_estimate":-0.04629388102587628,"standard_error":0.003899113446241941}}