{"mean":{"confidence_interval":{"confidence_level":0.95,"lower_bound":-0.013906966353446489,"upper_bound":-0.004835666633824385},"point_estimate":-0.009361393650102134,"standard_error":0.002295048969521458},"median":{"confidence_interval":{"confidence_level":0.95,"lower_bound":-0.015922935092928747,"upper_bound":-0.005033222596123821},"point_estimate":-0.010234814716509222,"standard_error":0.002737307402968726}}