{"mean":{"confidence_interval":{"confidence_level":0.95,"lower_bound":391420.02745478094,"upper_bound":419509.93694758817},"point_estimate":401247.1051715177,"standard_error":8627.18813119092},"median":{"confidence_interval":{"confidence_level":0.95,"lower_bound":391530.9129234363,"upper_bound":394785.793814433},"point_estimate":392990.7120743034,"standard_error":849.3735814046233},"median_abs_dev":{"confidence_interval":{"confidence_level":0.95,"lower_bound":4730.083824330755,"upper_bound":7695.205986327766},"point_estimate":6156.369487276702,"standard_error":721.115438283516},"slope":{"confidence_interval":{"confidence_level":0.95,"lower_bound":389962.26359311526,"upper_bound":394409.1827375023},"point_estimate":391800.31007142505,"standard_error":1133.154034588496},"std_dev":{"confidence_interval":{"confidence_level":0.95,"lower_bound":6651.184478311663,"upper_bound":149106.27587504798},"point_estimate":87098.42943190031,"standard_error":51079.05563855201}}