{"mean":{"confidence_interval":{"confidence_level":0.95,"lower_bound":345109.7531390267,"upper_bound":358803.95496580825},"point_estimate":350546.44122072903,"standard_error":3643.0400936484407},"median":{"confidence_interval":{"confidence_level":0.95,"lower_bound":344504.46785714285,"upper_bound":346390.74074074073},"point_estimate":345313.98409498204,"standard_error":514.9313029582953},"median_abs_dev":{"confidence_interval":{"confidence_level":0.95,"lower_bound":3003.0062466859818,"upper_bound":5229.2555011919785},"point_estimate":4438.404863530105,"standard_error":576.9196910623153},"slope":{"confidence_interval":{"confidence_level":0.95,"lower_bound":343711.5530924042,"upper_bound":358325.90263054566},"point_estimate":348980.51318654255,"standard_error":4011.42395526557},"std_dev":{"confidence_interval":{"confidence_level":0.95,"lower_bound":3743.42030116427,"upper_bound":59171.68225250601},"point_estimate":36658.45433365533,"standard_error":15341.422342305936}}