{"mean":{"confidence_interval":{"confidence_level":0.95,"lower_bound":0.021894611343704424,"upper_bound":0.05838073055266732},"point_estimate":0.036991676183205646,"standard_error":0.00936755485217513},"median":{"confidence_interval":{"confidence_level":0.95,"lower_bound":0.02410408079120064,"upper_bound":0.04676916337707043},"point_estimate":0.0364091855069788,"standard_error":0.005768236611421523}}