{"mean":{"confidence_interval":{"confidence_level":0.95,"lower_bound":1.711865492183421,"upper_bound":1.8062467191810057},"point_estimate":1.767345257250632,"standard_error":0.024660176597848103},"median":{"confidence_interval":{"confidence_level":0.95,"lower_bound":1.7516005617359318,"upper_bound":1.8093366726296152},"point_estimate":1.7731897803689654,"standard_error":0.01346305883741932}}