{"mean":{"confidence_interval":{"confidence_level":0.95,"lower_bound":-0.009427468830905427,"upper_bound":0.04619950018532125},"point_estimate":0.007584903172868307,"standard_error":0.014239443620124243},"median":{"confidence_interval":{"confidence_level":0.95,"lower_bound":-0.009191789938129968,"upper_bound":-0.0017661844171686925},"point_estimate":-0.006620886128897108,"standard_error":0.0019464957178782596}}