{"mean":{"confidence_interval":{"confidence_level":0.95,"lower_bound":0.005683596406487607,"upper_bound":0.021576419320527555},"point_estimate":0.011934222327123711,"standard_error":0.004368954429774043},"median":{"confidence_interval":{"confidence_level":0.95,"lower_bound":0.0043680966530801335,"upper_bound":0.012587039718968906},"point_estimate":0.009567753575898452,"standard_error":0.0020144775689811024}}