{"mean":{"confidence_interval":{"confidence_level":0.95,"lower_bound":-0.04225481314315545,"upper_bound":-0.015398765076265437},"point_estimate":-0.02756787783355452,"standard_error":0.00689750834831412},"median":{"confidence_interval":{"confidence_level":0.95,"lower_bound":-0.025391747426540934,"upper_bound":-0.007475197857708005},"point_estimate":-0.014652838499022547,"standard_error":0.0044530406839457335}}