{"mean":{"confidence_interval":{"confidence_level":0.95,"lower_bound":-0.021406997173237807,"upper_bound":-0.011446018702351965},"point_estimate":-0.016119547387608346,"standard_error":0.0025406814977503695},"median":{"confidence_interval":{"confidence_level":0.95,"lower_bound":-0.020201706271331332,"upper_bound":-0.01293606498650235},"point_estimate":-0.01693038830260374,"standard_error":0.00179362099068432}}