{"mean":{"confidence_interval":{"confidence_level":0.95,"lower_bound":-0.02935932528609895,"upper_bound":0.003427164153189437},"point_estimate":-0.010296769314982468,"standard_error":0.008537870358566173},"median":{"confidence_interval":{"confidence_level":0.95,"lower_bound":-0.00026904467199406756,"upper_bound":0.005110065228251684},"point_estimate":0.0025300440215658693,"standard_error":0.001360482335314882}}