{"mean":{"confidence_interval":{"confidence_level":0.95,"lower_bound":-0.11291254873708369,"upper_bound":-0.036753126740516756},"point_estimate":-0.07332830018658698,"standard_error":0.01957178951493138},"median":{"confidence_interval":{"confidence_level":0.95,"lower_bound":-0.015077437952500716,"upper_bound":-0.0007862802499797394},"point_estimate":-0.006569143484215667,"standard_error":0.003630284519179567}}