{"mean":{"confidence_interval":{"confidence_level":0.95,"lower_bound":0.03943644167449173,"upper_bound":0.13415062081699664},"point_estimate":0.08657752692018605,"standard_error":0.02326756644704019},"median":{"confidence_interval":{"confidence_level":0.95,"lower_bound":0.018377187283954877,"upper_bound":0.030533547234536718},"point_estimate":0.02313393648271167,"standard_error":0.0029974583396967947}}