{"mean":{"confidence_interval":{"confidence_level":0.95,"lower_bound":-0.04759662738604115,"upper_bound":-0.00907760283986918},"point_estimate":-0.023403770376941635,"standard_error":0.011267176336513566},"median":{"confidence_interval":{"confidence_level":0.95,"lower_bound":-0.0168255252898023,"upper_bound":-0.00943310779253903},"point_estimate":-0.01310427213570775,"standard_error":0.0018012910970551725}}