{"mean":{"confidence_interval":{"confidence_level":0.95,"lower_bound":-0.02529321912944512,"upper_bound":-0.011329352846645751},"point_estimate":-0.018919855399253782,"standard_error":0.0035265310952195513},"median":{"confidence_interval":{"confidence_level":0.95,"lower_bound":-0.024861749114653886,"upper_bound":-0.01653517910285731},"point_estimate":-0.02061763127602989,"standard_error":0.0024189987186300694}}