{"mean":{"confidence_interval":{"confidence_level":0.95,"lower_bound":-0.004501874600945822,"upper_bound":0.010567950060878404},"point_estimate":0.0013892497532637105,"standard_error":0.0038230080535442135},"median":{"confidence_interval":{"confidence_level":0.95,"lower_bound":-0.003217399990462888,"upper_bound":0.003721525473260101},"point_estimate":-0.0001073344719118019,"standard_error":0.0018416969491767963}}