{"mean":{"confidence_interval":{"confidence_level":0.95,"lower_bound":-0.018528335092102742,"upper_bound":-0.012879519556854737},"point_estimate":-0.01570460301843979,"standard_error":0.0014400776371029799},"median":{"confidence_interval":{"confidence_level":0.95,"lower_bound":-0.019190474364883414,"upper_bound":-0.013675999068030742},"point_estimate":-0.016595828762217213,"standard_error":0.0013349562846788033}}