{"mean":{"confidence_interval":{"confidence_level":0.95,"lower_bound":-0.9395574363712679,"upper_bound":-0.9389435785011763},"point_estimate":-0.9392520177325338,"standard_error":0.00015691364964715964},"median":{"confidence_interval":{"confidence_level":0.95,"lower_bound":-0.9396095380110708,"upper_bound":-0.9390350860507625},"point_estimate":-0.939344966334407,"standard_error":0.00015698127861644805}}