{"mean":{"confidence_interval":{"confidence_level":0.95,"lower_bound":-0.001380633799715465,"upper_bound":0.0075693293061685225},"point_estimate":0.0029570184504905672,"standard_error":0.0022945526324071605},"median":{"confidence_interval":{"confidence_level":0.95,"lower_bound":-0.0009658716210857454,"upper_bound":0.009936108256598963},"point_estimate":0.005283640274527324,"standard_error":0.0026170483562828434}}