{"mean":{"confidence_interval":{"confidence_level":0.95,"lower_bound":0.0005196706610106202,"upper_bound":0.031097153552530055},"point_estimate":0.012462499759047452,"standard_error":0.0077936531464906575},"median":{"confidence_interval":{"confidence_level":0.95,"lower_bound":-0.002933469039133718,"upper_bound":0.0066655992211734905},"point_estimate":0.001065038680307051,"standard_error":0.0021454138035889104}}