{"mean":{"confidence_interval":{"confidence_level":0.95,"lower_bound":-0.020343839529064617,"upper_bound":0.026270765852863552},"point_estimate":0.00875425233130045,"standard_error":0.013538348251808958},"median":{"confidence_interval":{"confidence_level":0.95,"lower_bound":0.015794616079479296,"upper_bound":0.023755285679467608},"point_estimate":0.020768180091198296,"standard_error":0.002018152427401179}}