{"mean":{"confidence_interval":{"confidence_level":0.95,"lower_bound":-0.010852305835248629,"upper_bound":-0.003386340130587695},"point_estimate":-0.007217325381400519,"standard_error":0.0018995779203628469},"median":{"confidence_interval":{"confidence_level":0.95,"lower_bound":-0.011722352520303224,"upper_bound":-0.0033244989229775923},"point_estimate":-0.008260272680231107,"standard_error":0.002145500818814836}}