{"mean":{"confidence_interval":{"confidence_level":0.95,"lower_bound":-0.05278809050850271,"upper_bound":-0.02377819962694306},"point_estimate":-0.03472571960708559,"standard_error":0.008095261678110864},"median":{"confidence_interval":{"confidence_level":0.95,"lower_bound":-0.03262362956894883,"upper_bound":-0.02552386462043738},"point_estimate":-0.029177635008756808,"standard_error":0.0017447014493753067}}