{"mean":{"confidence_interval":{"confidence_level":0.95,"lower_bound":-0.043375696605109995,"upper_bound":-0.010334591152624105},"point_estimate":-0.022779993338105764,"standard_error":0.009200241120736717},"median":{"confidence_interval":{"confidence_level":0.95,"lower_bound":-0.020489639007425287,"upper_bound":-0.007949468501592864},"point_estimate":-0.012905334865841556,"standard_error":0.003023347497952179}}