{"mean":{"confidence_interval":{"confidence_level":0.95,"lower_bound":-0.009693689509998027,"upper_bound":0.06518176679797227},"point_estimate":0.022352167600113937,"standard_error":0.019024983366875168},"median":{"confidence_interval":{"confidence_level":0.95,"lower_bound":-0.002308963409675704,"upper_bound":0.00738251375217569},"point_estimate":0.002558200211108863,"standard_error":0.0024582918081832005}}