{"mean":{"confidence_interval":{"confidence_level":0.95,"lower_bound":-0.014029169916103191,"upper_bound":0.0038545462626096696},"point_estimate":-0.007003967210067796,"standard_error":0.004553003260176042},"median":{"confidence_interval":{"confidence_level":0.95,"lower_bound":-0.018410811856362643,"upper_bound":-0.008456413036086241},"point_estimate":-0.013085328177937727,"standard_error":0.0026162127852038864}}