{"mean":{"confidence_interval":{"confidence_level":0.95,"lower_bound":-0.118906945114935,"upper_bound":-0.08958023460061298},"point_estimate":-0.107872822339515,"standard_error":0.00799208846967607},"median":{"confidence_interval":{"confidence_level":0.95,"lower_bound":-0.12206586829833432,"upper_bound":-0.10521271178298153},"point_estimate":-0.1125489292239703,"standard_error":0.004433640678149293}}