{"mean":{"confidence_interval":{"confidence_level":0.95,"lower_bound":0.07730373425607183,"upper_bound":0.13820999706531198},"point_estimate":0.10809639540881166,"standard_error":0.01581946808836665},"median":{"confidence_interval":{"confidence_level":0.95,"lower_bound":0.061363064373987974,"upper_bound":0.08647584192621549},"point_estimate":0.07427156403420221,"standard_error":0.00667378952525108}}