{"mean":{"confidence_interval":{"confidence_level":0.95,"lower_bound":-0.12528150697240842,"upper_bound":-0.08069200236134058},"point_estimate":-0.1018872025691564,"standard_error":0.011456466576420387},"median":{"confidence_interval":{"confidence_level":0.95,"lower_bound":-0.07643911788310653,"upper_bound":-0.05436753641226122},"point_estimate":-0.0657232123495064,"standard_error":0.005692212650400442}}