{"mean":{"confidence_interval":{"confidence_level":0.95,"lower_bound":-0.08508697187842153,"upper_bound":-0.022930171648487627},"point_estimate":-0.05195268329803093,"standard_error":0.015900484677694317},"median":{"confidence_interval":{"confidence_level":0.95,"lower_bound":-0.03770122791551208,"upper_bound":-0.030525021285341958},"point_estimate":-0.034853618549457455,"standard_error":0.001743652396691981}}