{"mean":{"confidence_interval":{"confidence_level":0.95,"lower_bound":0.004741711895110813,"upper_bound":0.012696650000958853},"point_estimate":0.008608142731413304,"standard_error":0.0020298360789859733},"median":{"confidence_interval":{"confidence_level":0.95,"lower_bound":0.0052366229712326184,"upper_bound":0.012145260551327253},"point_estimate":0.009360210775151812,"standard_error":0.0017020934017514878}}