{"mean":{"confidence_interval":{"confidence_level":0.95,"lower_bound":0.0886232853384902,"upper_bound":0.14097542782134428},"point_estimate":0.11239666086658251,"standard_error":0.012927760093102132},"median":{"confidence_interval":{"confidence_level":0.95,"lower_bound":0.1037156983385721,"upper_bound":0.11540863159343129},"point_estimate":0.11066226112017175,"standard_error":0.0029308417253151265}}