{"mean":{"confidence_interval":{"confidence_level":0.95,"lower_bound":-0.037667626524334814,"upper_bound":-0.006649359472450144},"point_estimate":-0.02096038239234488,"standard_error":0.008007792351378636},"median":{"confidence_interval":{"confidence_level":0.95,"lower_bound":-0.011001567348321022,"upper_bound":-0.0010192290382983193},"point_estimate":-0.007056369003893614,"standard_error":0.0025446391912102816}}