{"mean":{"confidence_interval":{"confidence_level":0.95,"lower_bound":0.008583842156649575,"upper_bound":0.017600123361186278},"point_estimate":0.013013519084804637,"standard_error":0.0023042656609649228},"median":{"confidence_interval":{"confidence_level":0.95,"lower_bound":0.008327708850246252,"upper_bound":0.02070262401961598},"point_estimate":0.012933872091833498,"standard_error":0.003051971713160105}}