{"mean":{"confidence_interval":{"confidence_level":0.95,"lower_bound":0.00032602359367671103,"upper_bound":0.00760485219621288},"point_estimate":0.003968631631617425,"standard_error":0.0018599124660301889},"median":{"confidence_interval":{"confidence_level":0.95,"lower_bound":-0.0010001090943188018,"upper_bound":0.007619594291745413},"point_estimate":0.0040040703954313805,"standard_error":0.0022315091786861575}}