{"mean":{"confidence_interval":{"confidence_level":0.95,"lower_bound":26383461.93725,"upper_bound":27251822.177875},"point_estimate":26742772.915,"standard_error":227050.28097786184},"median":{"confidence_interval":{"confidence_level":0.95,"lower_bound":26135375.0,"upper_bound":26688062.5},"point_estimate":26400552.0,"standard_error":136993.9045988608},"median_abs_dev":{"confidence_interval":{"confidence_level":0.95,"lower_bound":622552.995197475,"upper_bound":993449.8415127397},"point_estimate":721346.4150935411,"standard_error":92454.44368208978},"slope":null,"std_dev":{"confidence_interval":{"confidence_level":0.95,"lower_bound":637422.4926572709,"upper_bound":3646864.671377761},"point_estimate":2284986.914934927,"standard_error":858348.8836484631}}