{"mean":{"confidence_interval":{"confidence_level":0.95,"lower_bound":0.019479131434392904,"upper_bound":0.08522423145659862},"point_estimate":0.04495995925923246,"standard_error":0.016320840887734972},"median":{"confidence_interval":{"confidence_level":0.95,"lower_bound":0.008120076369029006,"upper_bound":0.01616269668694481},"point_estimate":0.012485724528971565,"standard_error":0.0019433611391253942}}