{"mean":{"confidence_interval":{"confidence_level":0.95,"lower_bound":0.037499440623102016,"upper_bound":0.08009985750575196},"point_estimate":0.05293824568848593,"standard_error":0.012574131883934133},"median":{"confidence_interval":{"confidence_level":0.95,"lower_bound":0.036177526226932134,"upper_bound":0.045486411254734405},"point_estimate":0.04113897622849172,"standard_error":0.0024735254578092314}}