{"mean":{"confidence_interval":{"confidence_level":0.95,"lower_bound":-0.07061110736764738,"upper_bound":-0.03263340587161745},"point_estimate":-0.046807806795509777,"standard_error":0.010964357128805762},"median":{"confidence_interval":{"confidence_level":0.95,"lower_bound":-0.04075530123621096,"upper_bound":-0.03181934486056133},"point_estimate":-0.03696575969732263,"standard_error":0.0023721074294457043}}