{"mean":{"confidence_interval":{"confidence_level":0.95,"lower_bound":-0.07979265569117708,"upper_bound":-0.02383413142701782},"point_estimate":-0.04773346542904744,"standard_error":0.014506531843175581},"median":{"confidence_interval":{"confidence_level":0.95,"lower_bound":-0.023161137704670764,"upper_bound":-0.013228984765822238},"point_estimate":-0.01819109628036053,"standard_error":0.002395983761167425}}