{"mean":{"confidence_interval":{"confidence_level":0.95,"lower_bound":0.048257699929002855,"upper_bound":0.05569855046553779},"point_estimate":0.05201599748566732,"standard_error":0.001896328002529951},"median":{"confidence_interval":{"confidence_level":0.95,"lower_bound":0.04849249929253974,"upper_bound":0.05720626668948614},"point_estimate":0.05280741753699325,"standard_error":0.002273861041216432}}