{"mean":{"confidence_interval":{"confidence_level":0.95,"lower_bound":-0.007587171614050658,"upper_bound":0.00021141188649975425},"point_estimate":-0.003908888779683206,"standard_error":0.00199240444540565},"median":{"confidence_interval":{"confidence_level":0.95,"lower_bound":-0.008215403465734905,"upper_bound":0.0023042465841596194},"point_estimate":-0.002685341775845007,"standard_error":0.0027138108906126996}}