{"mean":{"confidence_interval":{"confidence_level":0.95,"lower_bound":0.022945954589683817,"upper_bound":0.05519089122132072},"point_estimate":0.0366005231817621,"standard_error":0.008399332295414353},"median":{"confidence_interval":{"confidence_level":0.95,"lower_bound":0.018156144041600486,"upper_bound":0.0330285288466996},"point_estimate":0.026555480196166048,"standard_error":0.0038633765356154088}}