{"mean":{"confidence_interval":{"confidence_level":0.95,"lower_bound":0.005792860357933238,"upper_bound":0.017889017819552665},"point_estimate":0.011727517495863093,"standard_error":0.003095598150031797},"median":{"confidence_interval":{"confidence_level":0.95,"lower_bound":-0.00041819320070612953,"upper_bound":0.0196236838074344},"point_estimate":0.011561751691134825,"standard_error":0.005368137667101265}}