{"mean":{"confidence_interval":{"confidence_level":0.95,"lower_bound":-0.06481043154626528,"upper_bound":-0.05292741145564193},"point_estimate":-0.05887074915153201,"standard_error":0.0030503388298770365},"median":{"confidence_interval":{"confidence_level":0.95,"lower_bound":-0.06643018093764552,"upper_bound":-0.046000497201657775},"point_estimate":-0.05749713062909212,"standard_error":0.005422200107635327}}