{"mean":{"confidence_interval":{"confidence_level":0.95,"lower_bound":-0.015262131000485178,"upper_bound":0.004768920786735369},"point_estimate":-0.0040697618026692695,"standard_error":0.005137151132641821},"median":{"confidence_interval":{"confidence_level":0.95,"lower_bound":-0.003974254582328474,"upper_bound":0.012525995958184266},"point_estimate":0.002545848645390203,"standard_error":0.00402112196089309}}