{"mean":{"confidence_interval":{"confidence_level":0.95,"lower_bound":18.11421266691913,"upper_bound":18.806784286639957},"point_estimate":18.44689734664609,"standard_error":0.18102186750149227},"median":{"confidence_interval":{"confidence_level":0.95,"lower_bound":17.794288616899898,"upper_bound":18.246695831106788},"point_estimate":18.041782042566204,"standard_error":0.11090552246949759}}