{"mean":{"confidence_interval":{"confidence_level":0.95,"lower_bound":-0.9916085941395363,"upper_bound":-0.991287664207438},"point_estimate":-0.9914436142752429,"standard_error":0.0000817282360676583},"median":{"confidence_interval":{"confidence_level":0.95,"lower_bound":-0.9913698495331934,"upper_bound":-0.991151567304316},"point_estimate":-0.9912644155390951,"standard_error":0.000055535745739821806}}