{"mean":{"confidence_interval":{"confidence_level":0.95,"lower_bound":-0.014036114253974191,"upper_bound":0.0009082199623164068},"point_estimate":-0.0075887826188951735,"standard_error":0.00380003820821675},"median":{"confidence_interval":{"confidence_level":0.95,"lower_bound":-0.01876888532922098,"upper_bound":-0.003892019536335223},"point_estimate":-0.009976714714619916,"standard_error":0.0036558998222173556}}