{"mean":{"confidence_interval":{"confidence_level":0.95,"lower_bound":-0.060860370593102286,"upper_bound":-0.03276547391510496},"point_estimate":-0.04549154315803405,"standard_error":0.0072091909201579705},"median":{"confidence_interval":{"confidence_level":0.95,"lower_bound":-0.04449045413943331,"upper_bound":-0.029926833329836144},"point_estimate":-0.038115244536753856,"standard_error":0.003743672336440974}}