{"mean":{"confidence_interval":{"confidence_level":0.95,"lower_bound":-0.9607143957407415,"upper_bound":-0.9603386972237544},"point_estimate":-0.9605273662523988,"standard_error":0.00009648201259037409},"median":{"confidence_interval":{"confidence_level":0.95,"lower_bound":-0.9607787988268331,"upper_bound":-0.9603654646147287},"point_estimate":-0.9605758136290629,"standard_error":0.00010551740667008166}}