{"mean":{"confidence_interval":{"confidence_level":0.95,"lower_bound":-0.02584057905419169,"upper_bound":0.00037947198003561076},"point_estimate":-0.010109150380539611,"standard_error":0.006961054935886942},"median":{"confidence_interval":{"confidence_level":0.95,"lower_bound":-0.009413101431986592,"upper_bound":0.00025800243952378565},"point_estimate":-0.004575582932731748,"standard_error":0.0025750526857004643}}