{"mean":{"confidence_interval":{"confidence_level":0.95,"lower_bound":-0.03817544238036475,"upper_bound":-0.014437187100316972},"point_estimate":-0.02438911712565317,"standard_error":0.006201468876803177},"median":{"confidence_interval":{"confidence_level":0.95,"lower_bound":-0.028860798444652946,"upper_bound":-0.015633753522594208},"point_estimate":-0.022274574237913347,"standard_error":0.003357329761242241}}