{"mean":{"confidence_interval":{"confidence_level":0.95,"lower_bound":0.0070134144692460135,"upper_bound":0.03211604722865817},"point_estimate":0.016218748889561097,"standard_error":0.006209942156196985},"median":{"confidence_interval":{"confidence_level":0.95,"lower_bound":0.00881017468466716,"upper_bound":0.01988059539820064},"point_estimate":0.014035274982396873,"standard_error":0.002691811733255227}}