{"mean":{"confidence_interval":{"confidence_level":0.95,"lower_bound":-0.013489455100352252,"upper_bound":-0.0015896887101490792},"point_estimate":-0.007943527155681585,"standard_error":0.0030098110717552726},"median":{"confidence_interval":{"confidence_level":0.95,"lower_bound":-0.01639828063692117,"upper_bound":-0.004569834668436764},"point_estimate":-0.010631612317128503,"standard_error":0.003194233414051027}}