{"mean":{"confidence_interval":{"confidence_level":0.95,"lower_bound":0.0012682821534678434,"upper_bound":0.03453008860811612},"point_estimate":0.017100566236704307,"standard_error":0.008340157634180017},"median":{"confidence_interval":{"confidence_level":0.95,"lower_bound":0.008290567062813725,"upper_bound":0.02133512076384214},"point_estimate":0.015380602647548036,"standard_error":0.003363736812799309}}