{"mean":{"confidence_interval":{"confidence_level":0.95,"lower_bound":-0.019478860290089807,"upper_bound":0.011193773683463536},"point_estimate":-0.0038359862740804385,"standard_error":0.0077796078105439835},"median":{"confidence_interval":{"confidence_level":0.95,"lower_bound":-0.009064199980929,"upper_bound":0.00240951406290435},"point_estimate":-0.004041414864648263,"standard_error":0.0029654974573476074}}