{"mean":{"confidence_interval":{"confidence_level":0.95,"lower_bound":-0.03414147245072223,"upper_bound":-0.0039000804102375312},"point_estimate":-0.01684348565018079,"standard_error":0.007845025947439988},"median":{"confidence_interval":{"confidence_level":0.95,"lower_bound":-0.010648491754351785,"upper_bound":-0.0006695758982357717},"point_estimate":-0.004249800994335695,"standard_error":0.0026019763936882745}}