{"mean":{"confidence_interval":{"confidence_level":0.95,"lower_bound":0.0012569844323427135,"upper_bound":0.15567580970512304},"point_estimate":0.061781342089505475,"standard_error":0.04035912148706827},"median":{"confidence_interval":{"confidence_level":0.95,"lower_bound":-0.001801005809964118,"upper_bound":0.00625152808877627},"point_estimate":0.00168150449776161,"standard_error":0.0020458191661359326}}