{"mean":{"confidence_interval":{"confidence_level":0.95,"lower_bound":-0.057130559511012195,"upper_bound":-0.049905892974154355},"point_estimate":-0.05358069514023678,"standard_error":0.0018384972768914637},"median":{"confidence_interval":{"confidence_level":0.95,"lower_bound":-0.05875621546639631,"upper_bound":-0.049163312477881194},"point_estimate":-0.05386576511211427,"standard_error":0.00237608115367638}}