{"mean":{"confidence_interval":{"confidence_level":0.95,"lower_bound":0.0237981346152082,"upper_bound":0.06048492417967456},"point_estimate":0.03930112333955771,"standard_error":0.00928799396015093},"median":{"confidence_interval":{"confidence_level":0.95,"lower_bound":0.019821295975631814,"upper_bound":0.028745482197592542},"point_estimate":0.02337911888359634,"standard_error":0.002270425895522902}}