{"mean":{"confidence_interval":{"confidence_level":0.95,"lower_bound":0.06542105310240649,"upper_bound":0.15434499759743836},"point_estimate":0.10415765875967264,"standard_error":0.023107602551279877},"median":{"confidence_interval":{"confidence_level":0.95,"lower_bound":0.0621275881047636,"upper_bound":0.07567048880746485},"point_estimate":0.06760948834693425,"standard_error":0.003548061533292696}}