{"mean":{"confidence_interval":{"confidence_level":0.95,"lower_bound":-0.010102131656719431,"upper_bound":0.035234720196245524},"point_estimate":0.009473828530911499,"standard_error":0.012799384941959481},"median":{"confidence_interval":{"confidence_level":0.95,"lower_bound":-0.007882009086069064,"upper_bound":0.0037896910429400243},"point_estimate":-0.001706209808239656,"standard_error":0.0030275591826527354}}