{"mean":{"confidence_interval":{"confidence_level":0.95,"lower_bound":-0.013547626272393611,"upper_bound":0.00997397044860609},"point_estimate":-0.00009883445940483959,"standard_error":0.006064073893781289},"median":{"confidence_interval":{"confidence_level":0.95,"lower_bound":-0.004630833299735793,"upper_bound":0.00874728128248381},"point_estimate":0.0016040552970646438,"standard_error":0.00319761443852155}}