{"mean":{"confidence_interval":{"confidence_level":0.95,"lower_bound":-0.014821122478270263,"upper_bound":0.015282086587254884},"point_estimate":0.0031595194307942887,"standard_error":0.007949135585157807},"median":{"confidence_interval":{"confidence_level":0.95,"lower_bound":0.005290137831393434,"upper_bound":0.01943975819889565},"point_estimate":0.011447819313576302,"standard_error":0.0039028106639003575}}