{"mean":{"confidence_interval":{"confidence_level":0.95,"lower_bound":-0.04855130247584028,"upper_bound":0.0023018536913432808},"point_estimate":-0.021188159801508455,"standard_error":0.013057522040341926},"median":{"confidence_interval":{"confidence_level":0.95,"lower_bound":-0.0185959735829464,"upper_bound":-0.0059789906528988634},"point_estimate":-0.01280729439181627,"standard_error":0.0031029369566693207}}