{"mean":{"confidence_interval":{"confidence_level":0.95,"lower_bound":-0.04814750347872918,"upper_bound":-0.01773583570551484},"point_estimate":-0.03601559923128406,"standard_error":0.007931350450410815},"median":{"confidence_interval":{"confidence_level":0.95,"lower_bound":-0.05361714806548379,"upper_bound":-0.03938920336943741},"point_estimate":-0.0455109881822634,"standard_error":0.0038023669570065016}}