{"mean":{"confidence_interval":{"confidence_level":0.95,"lower_bound":0.1475898493619777,"upper_bound":0.17396833241682547},"point_estimate":0.15978848873848284,"standard_error":0.006621739051471433},"median":{"confidence_interval":{"confidence_level":0.95,"lower_bound":0.1512750550911719,"upper_bound":0.16049974382972687},"point_estimate":0.15558219006897667,"standard_error":0.002297639691879505}}