{"mean":{"confidence_interval":{"confidence_level":0.95,"lower_bound":0.007561936875722876,"upper_bound":0.031573082543989835},"point_estimate":0.017570478700471348,"standard_error":0.0062270588014068625},"median":{"confidence_interval":{"confidence_level":0.95,"lower_bound":0.0050058920400719575,"upper_bound":0.015420498720982945},"point_estimate":0.011268004543976362,"standard_error":0.002646592867705523}}