{"mean":{"confidence_interval":{"confidence_level":0.95,"lower_bound":0.025409712039654243,"upper_bound":0.03506515208660753},"point_estimate":0.029885637725078906,"standard_error":0.0024646300813623697},"median":{"confidence_interval":{"confidence_level":0.95,"lower_bound":0.02713165744050361,"upper_bound":0.03872119749617209},"point_estimate":0.033732803743388606,"standard_error":0.003075189056834451}}