{"mean":{"confidence_interval":{"confidence_level":0.95,"lower_bound":0.007845940735083115,"upper_bound":0.025191207278718142},"point_estimate":0.01567024117359428,"standard_error":0.004385292943852529},"median":{"confidence_interval":{"confidence_level":0.95,"lower_bound":0.006221682184073707,"upper_bound":0.02042878222097455},"point_estimate":0.013508837347405711,"standard_error":0.0039034703812284017}}