{"mean":{"confidence_interval":{"confidence_level":0.95,"lower_bound":-0.1286700329077398,"upper_bound":0.0128180435069453},"point_estimate":-0.04933424991649937,"standard_error":0.03756397374750701},"median":{"confidence_interval":{"confidence_level":0.95,"lower_bound":-0.012535802043581956,"upper_bound":0.0021533189862752433},"point_estimate":-0.0071011721275620054,"standard_error":0.0037492169956278533}}