{"mean":{"confidence_interval":{"confidence_level":0.95,"lower_bound":-0.050632072091506254,"upper_bound":-0.011258009099043051},"point_estimate":-0.027676247901305184,"standard_error":0.010423798231708902},"median":{"confidence_interval":{"confidence_level":0.95,"lower_bound":-0.02183724145621324,"upper_bound":-0.008157292728582385},"point_estimate":-0.015193434705736197,"standard_error":0.0035666130984109068}}