{"mean":{"confidence_interval":{"confidence_level":0.95,"lower_bound":0.035965607995307326,"upper_bound":0.04606482532736577},"point_estimate":0.04114495351492198,"standard_error":0.0025724266451573356},"median":{"confidence_interval":{"confidence_level":0.95,"lower_bound":0.03588661076071098,"upper_bound":0.04955473094223262},"point_estimate":0.043124275365511666,"standard_error":0.0036500312555097763}}