{"mean":{"confidence_interval":{"confidence_level":0.95,"lower_bound":-0.03394532324517562,"upper_bound":0.007697110146170995},"point_estimate":-0.017918619324383545,"standard_error":0.010634993824216562},"median":{"confidence_interval":{"confidence_level":0.95,"lower_bound":-0.03902640504908672,"upper_bound":-0.024394185693688314},"point_estimate":-0.031586698627113274,"standard_error":0.003804290876011432}}