{"mean":{"confidence_interval":{"confidence_level":0.95,"lower_bound":0.01028387459082808,"upper_bound":0.019852475506833406},"point_estimate":0.015060850453833874,"standard_error":0.002428170958495087},"median":{"confidence_interval":{"confidence_level":0.95,"lower_bound":0.008734224496430576,"upper_bound":0.01741607276576773},"point_estimate":0.012678338701144432,"standard_error":0.0020843384306617075}}