{"mean":{"confidence_interval":{"confidence_level":0.95,"lower_bound":0.0013808050504913072,"upper_bound":0.011919458458892966},"point_estimate":0.006528325156292425,"standard_error":0.002690731280518959},"median":{"confidence_interval":{"confidence_level":0.95,"lower_bound":-0.001324937299143017,"upper_bound":0.00959752275543635},"point_estimate":0.0034585517729961435,"standard_error":0.0028269217661574344}}