{"mean":{"confidence_interval":{"confidence_level":0.95,"lower_bound":-0.013752841304136598,"upper_bound":0.025801490161989973},"point_estimate":0.0018687299084372277,"standard_error":0.010906363182361545},"median":{"confidence_interval":{"confidence_level":0.95,"lower_bound":-0.013321993123911358,"upper_bound":-0.002130772746508044},"point_estimate":-0.006311929766970592,"standard_error":0.0030079514248997474}}