{"mean":{"confidence_interval":{"confidence_level":0.95,"lower_bound":-0.05724577035450243,"upper_bound":-0.04881796629599817},"point_estimate":-0.05297108550828056,"standard_error":0.002144320968538188},"median":{"confidence_interval":{"confidence_level":0.95,"lower_bound":-0.061067309193473605,"upper_bound":-0.05036808360912959},"point_estimate":-0.05635825142668549,"standard_error":0.002818106134696376}}