{"mean":{"confidence_interval":{"confidence_level":0.95,"lower_bound":-0.019799377312605376,"upper_bound":0.022851286329168555},"point_estimate":0.006833954412446275,"standard_error":0.012132543883557344},"median":{"confidence_interval":{"confidence_level":0.95,"lower_bound":0.012294817268266423,"upper_bound":0.02369103937617245},"point_estimate":0.017187746029253326,"standard_error":0.003056683888181865}}