{"mean":{"confidence_interval":{"confidence_level":0.95,"lower_bound":0.033084918375552386,"upper_bound":0.04406063448441703},"point_estimate":0.038584903167440565,"standard_error":0.0028169944542281197},"median":{"confidence_interval":{"confidence_level":0.95,"lower_bound":0.03517753260225409,"upper_bound":0.047538476569469634},"point_estimate":0.04195978566364977,"standard_error":0.0032320750387271257}}