{"mean":{"confidence_interval":{"confidence_level":0.95,"lower_bound":-0.5333088679667388,"upper_bound":-0.5146875083280043},"point_estimate":-0.5255961953094233,"standard_error":0.00509728023228036},"median":{"confidence_interval":{"confidence_level":0.95,"lower_bound":-0.5328714914732886,"upper_bound":-0.5298953042178247},"point_estimate":-0.5315969445785657,"standard_error":0.0007948887588188358}}