{"mean":{"confidence_interval":{"confidence_level":0.95,"lower_bound":-0.4997305424945439,"upper_bound":-0.4959175718542853},"point_estimate":-0.4978248712228356,"standard_error":0.0009742438255069304},"median":{"confidence_interval":{"confidence_level":0.95,"lower_bound":-0.5013170020040829,"upper_bound":-0.4961482239173731},"point_estimate":-0.49793107010361126,"standard_error":0.0013463785938799889}}