{"mean":{"confidence_interval":{"confidence_level":0.95,"lower_bound":42607707.974874996,"upper_bound":43132967.626875},"point_estimate":42828722.7,"standard_error":136018.02031832573},"median":{"confidence_interval":{"confidence_level":0.95,"lower_bound":42491687.5,"upper_bound":42659125.0},"point_estimate":42545802.0,"standard_error":43694.16207250179},"median_abs_dev":{"confidence_interval":{"confidence_level":0.95,"lower_bound":267145.58430846786,"upper_bound":425568.4987096487},"point_estimate":331237.66766935587,"standard_error":37569.021626407055},"slope":null,"std_dev":{"confidence_interval":{"confidence_level":0.95,"lower_bound":339435.16557450074,"upper_bound":2129380.8020348544},"point_estimate":1373722.9924009426,"standard_error":484381.3383685853}}