{"mean":{"confidence_interval":{"confidence_level":0.95,"lower_bound":-0.3145904968967953,"upper_bound":-0.2965015304768534},"point_estimate":-0.3052911881657212,"standard_error":0.0046035754118657745},"median":{"confidence_interval":{"confidence_level":0.95,"lower_bound":-0.3111422002592231,"upper_bound":-0.2898803953286926},"point_estimate":-0.30029274167025266,"standard_error":0.005564552238901163}}