{"mean":{"confidence_interval":{"confidence_level":0.95,"lower_bound":-0.10106375593723838,"upper_bound":-0.07692499467509603},"point_estimate":-0.0900210858961713,"standard_error":0.006215593699463001},"median":{"confidence_interval":{"confidence_level":0.95,"lower_bound":-0.09680449789147239,"upper_bound":-0.08846558054539061},"point_estimate":-0.0929735735149616,"standard_error":0.002128185861157778}}