{"mean":{"confidence_interval":{"confidence_level":0.95,"lower_bound":12023.32276972552,"upper_bound":12155.341112702332},"point_estimate":12075.183945740207,"standard_error":34.99114246766124},"median":{"confidence_interval":{"confidence_level":0.95,"lower_bound":12010.185125115848,"upper_bound":12081.05901155643},"point_estimate":12034.145979342205,"standard_error":19.2095543796361},"median_abs_dev":{"confidence_interval":{"confidence_level":0.95,"lower_bound":105.3730337700622,"upper_bound":171.80898515585207},"point_estimate":148.33166665362063,"standard_error":16.907735228232475},"slope":{"confidence_interval":{"confidence_level":0.95,"lower_bound":12019.008166716394,"upper_bound":12341.406830943828},"point_estimate":12133.182224829568,"standard_error":91.5184576033419},"std_dev":{"confidence_interval":{"confidence_level":0.95,"lower_bound":116.00591764961408,"upper_bound":578.6241356715515},"point_estimate":351.3417397965511,"standard_error":157.31012211671447}}