{"mean":{"confidence_interval":{"confidence_level":0.95,"lower_bound":4205422.687708335,"upper_bound":4222997.353437501},"point_estimate":4214114.023333336,"standard_error":4472.97513501037},"median":{"confidence_interval":{"confidence_level":0.95,"lower_bound":4200395.833333333,"upper_bound":4226204.833333333},"point_estimate":4214951.375,"standard_error":6520.639585809416},"median_abs_dev":{"confidence_interval":{"confidence_level":0.95,"lower_bound":33569.52280402138,"upper_bound":54588.46618086076},"point_estimate":42907.92583823204,"standard_error":5485.636920410731},"slope":null,"std_dev":{"confidence_interval":{"confidence_level":0.95,"lower_bound":38684.3694878285,"upper_bound":50783.52000156541},"point_estimate":44965.01018261015,"standard_error":3095.984600758023}}