{"mean":{"confidence_interval":{"confidence_level":0.95,"lower_bound":-0.1557749587945552,"upper_bound":-0.11647551352432797},"point_estimate":-0.1356657659489875,"standard_error":0.009976361433516519},"median":{"confidence_interval":{"confidence_level":0.95,"lower_bound":-0.134389798465549,"upper_bound":-0.1296335561468398},"point_estimate":-0.13181267171239908,"standard_error":0.001211211209619376}}