{"mean":{"confidence_interval":{"confidence_level":0.95,"lower_bound":0.002813164933961742,"upper_bound":0.04626338381831242},"point_estimate":0.0250246202285187,"standard_error":0.010954895420997176},"median":{"confidence_interval":{"confidence_level":0.95,"lower_bound":0.015233435456383893,"upper_bound":0.030154115749914077},"point_estimate":0.02243141902501633,"standard_error":0.0038933959822131047}}