{"mean":{"confidence_interval":{"confidence_level":0.95,"lower_bound":-0.001700015658572648,"upper_bound":0.011237279820438775},"point_estimate":0.003851420727509547,"standard_error":0.003339270035895885},"median":{"confidence_interval":{"confidence_level":0.95,"lower_bound":-0.0027867652282901664,"upper_bound":0.004526531967029142},"point_estimate":0.0005942619399406102,"standard_error":0.0018915292944426435}}