{"mean":{"confidence_interval":{"confidence_level":0.95,"lower_bound":-0.009702949236021633,"upper_bound":-0.00012541688121775693},"point_estimate":-0.0053806366874945555,"standard_error":0.002476808379881629},"median":{"confidence_interval":{"confidence_level":0.95,"lower_bound":-0.01442204751612819,"upper_bound":-0.005983893517943817},"point_estimate":-0.011096969014995683,"standard_error":0.0021604117626099063}}