{"mean":{"confidence_interval":{"confidence_level":0.95,"lower_bound":-0.05877068281823215,"upper_bound":-0.03160424483446838},"point_estimate":-0.04385496982984394,"standard_error":0.0069680393545382795},"median":{"confidence_interval":{"confidence_level":0.95,"lower_bound":-0.039433331142295525,"upper_bound":-0.028478313221860785},"point_estimate":-0.033816526183622075,"standard_error":0.0027867908370363113}}