{"mean":{"confidence_interval":{"confidence_level":0.95,"lower_bound":-0.46831657941036503,"upper_bound":-0.46291599470499983},"point_estimate":-0.4655017144540229,"standard_error":0.0013773708821088648},"median":{"confidence_interval":{"confidence_level":0.95,"lower_bound":-0.4656335693351903,"upper_bound":-0.46085431019212075},"point_estimate":-0.46252606008101815,"standard_error":0.001186748160830515}}