{"mean":{"confidence_interval":{"confidence_level":0.95,"lower_bound":-0.0006490560094176801,"upper_bound":0.027628482193722898},"point_estimate":0.009960639863313858,"standard_error":0.007262260691545556},"median":{"confidence_interval":{"confidence_level":0.95,"lower_bound":-0.003488645163277293,"upper_bound":0.010636568492657261},"point_estimate":0.0023660608670776906,"standard_error":0.003651305170790071}}