{"mean":{"confidence_interval":{"confidence_level":0.95,"lower_bound":-0.005623759313892848,"upper_bound":0.02323058072695664},"point_estimate":0.012270556565887603,"standard_error":0.008159827230574292},"median":{"confidence_interval":{"confidence_level":0.95,"lower_bound":0.018027141448647033,"upper_bound":0.02539744984591641},"point_estimate":0.021660116754154357,"standard_error":0.0019720717689388203}}