{"mean":{"confidence_interval":{"confidence_level":0.95,"lower_bound":-0.014047020995884453,"upper_bound":0.02819766223376378},"point_estimate":0.007249376887424885,"standard_error":0.010686131059770253},"median":{"confidence_interval":{"confidence_level":0.95,"lower_bound":-0.0008510402571718645,"upper_bound":0.010974756593043367},"point_estimate":0.005600617810118669,"standard_error":0.002929423912284412}}