{"mean":{"confidence_interval":{"confidence_level":0.95,"lower_bound":0.005902240149318567,"upper_bound":0.22864664874772994},"point_estimate":0.08278762373942006,"standard_error":0.05737064713475142},"median":{"confidence_interval":{"confidence_level":0.95,"lower_bound":0.005108673415206155,"upper_bound":0.012100123855006917},"point_estimate":0.008377266056493138,"standard_error":0.001791536146865897}}