{"mean":{"confidence_interval":{"confidence_level":0.95,"lower_bound":-0.019841311425143327,"upper_bound":-0.015702999593426196},"point_estimate":-0.0177611988579065,"standard_error":0.001055576116858411},"median":{"confidence_interval":{"confidence_level":0.95,"lower_bound":-0.019900274440361132,"upper_bound":-0.015484354383068322},"point_estimate":-0.017757887668031214,"standard_error":0.0010887239968412194}}