{"mean":{"confidence_interval":{"confidence_level":0.95,"lower_bound":0.011401866667881328,"upper_bound":0.042493153336915945},"point_estimate":0.024621155878198575,"standard_error":0.008025014347475441},"median":{"confidence_interval":{"confidence_level":0.95,"lower_bound":0.011314037819735168,"upper_bound":0.022562707081392283},"point_estimate":0.01796610766292428,"standard_error":0.002893558887228492}}