{"mean":{"confidence_interval":{"confidence_level":0.95,"lower_bound":-0.03995056249017799,"upper_bound":0.012396788137994703},"point_estimate":-0.011133728977945845,"standard_error":0.013498465213621778},"median":{"confidence_interval":{"confidence_level":0.95,"lower_bound":-0.003213883368745174,"upper_bound":0.0063095359711846655},"point_estimate":0.00048810343841321213,"standard_error":0.0024618912848288644}}