{"mean":{"confidence_interval":{"confidence_level":0.95,"lower_bound":-0.0960708828388903,"upper_bound":0.0011617307847402911},"point_estimate":-0.036221219338479216,"standard_error":0.02774945953905321},"median":{"confidence_interval":{"confidence_level":0.95,"lower_bound":-0.002025135811366874,"upper_bound":0.012004213706473263},"point_estimate":0.0061106495417107,"standard_error":0.0036088800548128995}}