{"mean":{"confidence_interval":{"confidence_level":0.95,"lower_bound":-0.018835891250855347,"upper_bound":0.0021726677051702933},"point_estimate":-0.006636931775684141,"standard_error":0.005461074122785488},"median":{"confidence_interval":{"confidence_level":0.95,"lower_bound":-0.008058395504845639,"upper_bound":0.003450393576563071},"point_estimate":-0.0018114258977021125,"standard_error":0.002901456840166802}}