{"mean":{"confidence_interval":{"confidence_level":0.95,"lower_bound":-0.04573068830414406,"upper_bound":0.00115264936851101},"point_estimate":-0.022935607806284564,"standard_error":0.011946984199485644},"median":{"confidence_interval":{"confidence_level":0.95,"lower_bound":-0.03123253278642224,"upper_bound":-0.018943264947100635},"point_estimate":-0.026158168825756833,"standard_error":0.0031544230227628493}}