{"mean":{"confidence_interval":{"confidence_level":0.95,"lower_bound":-0.004842701196358923,"upper_bound":0.00004891546325243267},"point_estimate":-0.0023539181181357893,"standard_error":0.0012392507938825772},"median":{"confidence_interval":{"confidence_level":0.95,"lower_bound":-0.0068377304142422934,"upper_bound":0.0014310457980721836},"point_estimate":-0.002861192541791735,"standard_error":0.0020122482863672115}}