{"mean":{"confidence_interval":{"confidence_level":0.95,"lower_bound":-0.028092598420699715,"upper_bound":0.020393420702880343},"point_estimate":-0.0008582375807590914,"standard_error":0.01229130111754819},"median":{"confidence_interval":{"confidence_level":0.95,"lower_bound":0.00012050845670197319,"upper_bound":0.011841281789162883},"point_estimate":0.005735081983357038,"standard_error":0.0031079352874986347}}