{"mean":{"confidence_interval":{"confidence_level":0.95,"lower_bound":-0.023421542462036968,"upper_bound":-0.010773575085489163},"point_estimate":-0.016950191774840917,"standard_error":0.003220624345941813},"median":{"confidence_interval":{"confidence_level":0.95,"lower_bound":-0.018944128392032532,"upper_bound":-0.01035159045244884},"point_estimate":-0.014088784987462799,"standard_error":0.0021590940180518286}}