{"mean":{"confidence_interval":{"confidence_level":0.95,"lower_bound":-0.00013926949963773217,"upper_bound":0.05685159270718932},"point_estimate":0.024913375196159437,"standard_error":0.014537298511857812},"median":{"confidence_interval":{"confidence_level":0.95,"lower_bound":0.006861966407623488,"upper_bound":0.016438648181798333},"point_estimate":0.012171689198574809,"standard_error":0.002596888961610299}}