{"mean":{"confidence_interval":{"confidence_level":0.95,"lower_bound":-0.01811845420520262,"upper_bound":0.027808440139481607},"point_estimate":0.006120541334419638,"standard_error":0.011730513012989774},"median":{"confidence_interval":{"confidence_level":0.95,"lower_bound":-0.001311180098956144,"upper_bound":0.006688581412872541},"point_estimate":0.002334084402935588,"standard_error":0.0021243607949425923}}