{"mean":{"confidence_interval":{"confidence_level":0.95,"lower_bound":0.0014002563180669783,"upper_bound":0.0065796335823867505},"point_estimate":0.003960727040041245,"standard_error":0.0013243778067240442},"median":{"confidence_interval":{"confidence_level":0.95,"lower_bound":-0.0003644732600470743,"upper_bound":0.006345117864294773},"point_estimate":0.003158058029071764,"standard_error":0.0016780777671887835}}