{"mean":{"confidence_interval":{"confidence_level":0.95,"lower_bound":-0.01430825438006377,"upper_bound":-0.008621716927731896},"point_estimate":-0.011489708265967069,"standard_error":0.0014716395697041383},"median":{"confidence_interval":{"confidence_level":0.95,"lower_bound":-0.015028302058851084,"upper_bound":-0.010693870919293413},"point_estimate":-0.012536567924477993,"standard_error":0.0010926638912049705}}