{"mean":{"confidence_interval":{"confidence_level":0.95,"lower_bound":-0.0373740458426989,"upper_bound":0.06148653439023488},"point_estimate":-0.00014870621193474598,"standard_error":0.027955055460713012},"median":{"confidence_interval":{"confidence_level":0.95,"lower_bound":-0.04319773396172244,"upper_bound":-0.03085316761507484},"point_estimate":-0.03868385532566243,"standard_error":0.0030540631710965892}}