{"mean":{"confidence_interval":{"confidence_level":0.95,"lower_bound":0.05849786021293846,"upper_bound":0.07268359232486168},"point_estimate":0.06513874004348041,"standard_error":0.0036192019506349374},"median":{"confidence_interval":{"confidence_level":0.95,"lower_bound":0.05812174919410662,"upper_bound":0.06781805378186068},"point_estimate":0.06160927944706018,"standard_error":0.002425506209003689}}