{"mean":{"confidence_interval":{"confidence_level":0.95,"lower_bound":11817.353650642195,"upper_bound":11877.773795844725},"point_estimate":11847.560963508186,"standard_error":15.45991757372043},"median":{"confidence_interval":{"confidence_level":0.95,"lower_bound":11805.90581232493,"upper_bound":11888.517006802722},"point_estimate":11848.213692728037,"standard_error":16.432135207596787},"median_abs_dev":{"confidence_interval":{"confidence_level":0.95,"lower_bound":133.2609015627183,"upper_bound":201.81357885348203},"point_estimate":177.41447621888673,"standard_error":17.231204247476438},"slope":{"confidence_interval":{"confidence_level":0.95,"lower_bound":11830.44341403438,"upper_bound":11912.948294044974},"point_estimate":11871.93242282224,"standard_error":21.07489751551885},"std_dev":{"confidence_interval":{"confidence_level":0.95,"lower_bound":134.9182032277279,"upper_bound":173.9161445817863},"point_estimate":155.53414245285444,"standard_error":9.938543055455584}}