{"mean":{"confidence_interval":{"confidence_level":0.95,"lower_bound":-0.01122195931672412,"upper_bound":-0.004613228512476098},"point_estimate":-0.007901040577311225,"standard_error":0.0016918725898406033},"median":{"confidence_interval":{"confidence_level":0.95,"lower_bound":-0.012342853905965123,"upper_bound":-0.002236978031632475},"point_estimate":-0.006542637434332255,"standard_error":0.0027309315088484476}}