{"mean":{"confidence_interval":{"confidence_level":0.95,"lower_bound":-0.007430476342992892,"upper_bound":-0.0024982067261286206},"point_estimate":-0.0049116654570350304,"standard_error":0.001253210301417415},"median":{"confidence_interval":{"confidence_level":0.95,"lower_bound":-0.004810327309752949,"upper_bound":-0.0007367901786222708},"point_estimate":-0.0016764100209727406,"standard_error":0.0009117707641854704}}