{"mean":{"confidence_interval":{"confidence_level":0.95,"lower_bound":0.004024728501948272,"upper_bound":0.007354948833189039},"point_estimate":0.005773986453282642,"standard_error":0.0008498463626883859},"median":{"confidence_interval":{"confidence_level":0.95,"lower_bound":0.005293014558652108,"upper_bound":0.0077412938695102795},"point_estimate":0.006435896650843098,"standard_error":0.000621953418999267}}