{"mean":{"confidence_interval":{"confidence_level":0.95,"lower_bound":-0.0141095062169853,"upper_bound":0.022136517430338367},"point_estimate":0.005688692701200981,"standard_error":0.0092248375097646},"median":{"confidence_interval":{"confidence_level":0.95,"lower_bound":0.006738895012267321,"upper_bound":0.00999861618728648},"point_estimate":0.00802040025640638,"standard_error":0.0008442503640748479}}