{"mean":{"confidence_interval":{"confidence_level":0.95,"lower_bound":-0.011262027095227278,"upper_bound":0.014580308867680468},"point_estimate":0.0016852882809219594,"standard_error":0.006494067965375456},"median":{"confidence_interval":{"confidence_level":0.95,"lower_bound":-0.002061244755858116,"upper_bound":0.010217942117530354},"point_estimate":0.003659681068285847,"standard_error":0.003391096879150281}}