{"mean":{"confidence_interval":{"confidence_level":0.95,"lower_bound":-0.00895390272824103,"upper_bound":-0.002380852770872204},"point_estimate":-0.005721437547790309,"standard_error":0.0016707916580367133},"median":{"confidence_interval":{"confidence_level":0.95,"lower_bound":-0.01143303894958753,"upper_bound":-0.0030121850225701685},"point_estimate":-0.008058408181704446,"standard_error":0.0021883861436149984}}