{"mean":{"confidence_interval":{"confidence_level":0.95,"lower_bound":-0.0119011232015535,"upper_bound":0.011294387077461292},"point_estimate":0.00055313748894803,"standard_error":0.005872515138451501},"median":{"confidence_interval":{"confidence_level":0.95,"lower_bound":-0.0051777366414020864,"upper_bound":0.00538413279667796},"point_estimate":0.0003202433978952701,"standard_error":0.002723202311563663}}