{"mean":{"confidence_interval":{"confidence_level":0.95,"lower_bound":-0.008621611420542828,"upper_bound":0.020109075617461423},"point_estimate":0.0012792703656701043,"standard_error":0.008230450075724306},"median":{"confidence_interval":{"confidence_level":0.95,"lower_bound":-0.012088372328743935,"upper_bound":-0.007708210270099895},"point_estimate":-0.009750177122301529,"standard_error":0.001059335199222611}}