{"mean":{"confidence_interval":{"confidence_level":0.95,"lower_bound":-0.12005991773381172,"upper_bound":-0.11479095840117355},"point_estimate":-0.1172970581518088,"standard_error":0.0013430219576642493},"median":{"confidence_interval":{"confidence_level":0.95,"lower_bound":-0.12196370661363065,"upper_bound":-0.11282838403548623},"point_estimate":-0.11747908896753234,"standard_error":0.0024764242890139825}}