{"mean":{"confidence_interval":{"confidence_level":0.95,"lower_bound":-0.14863306680294752,"upper_bound":-0.10985410799976501},"point_estimate":-0.1264242118197837,"standard_error":0.010019980573151833},"median":{"confidence_interval":{"confidence_level":0.95,"lower_bound":-0.1173854335795913,"upper_bound":-0.1120098341827318},"point_estimate":-0.11484020350791901,"standard_error":0.0013047098838471726}}