{"mean":{"confidence_interval":{"confidence_level":0.95,"lower_bound":-0.03937132424985061,"upper_bound":-0.00529052028119791},"point_estimate":-0.018958987469070654,"standard_error":0.008930595846574447},"median":{"confidence_interval":{"confidence_level":0.95,"lower_bound":-0.014038692075741821,"upper_bound":0.0025746238606274563},"point_estimate":-0.003797278989654651,"standard_error":0.004138919156143376}}