{"mean":{"confidence_interval":{"confidence_level":0.95,"lower_bound":-0.028551383956586934,"upper_bound":0.0006662612697099578},"point_estimate":-0.011127873380348263,"standard_error":0.007676306731051761},"median":{"confidence_interval":{"confidence_level":0.95,"lower_bound":-0.0018219829907574203,"upper_bound":0.004689759709815444},"point_estimate":0.0011132629770889135,"standard_error":0.0017173860003457675}}