{"mean":{"confidence_interval":{"confidence_level":0.95,"lower_bound":-0.03077037017361288,"upper_bound":-0.009633417717476611},"point_estimate":-0.0189135616176751,"standard_error":0.005474253515443761},"median":{"confidence_interval":{"confidence_level":0.95,"lower_bound":-0.017678048683644865,"upper_bound":-0.011679831512687922},"point_estimate":-0.01483807503639889,"standard_error":0.0015137655613509167}}