{"mean":{"confidence_interval":{"confidence_level":0.95,"lower_bound":0.00034121893010488136,"upper_bound":0.003568319650132556},"point_estimate":0.0019115777646296905,"standard_error":0.0008188950566071199},"median":{"confidence_interval":{"confidence_level":0.95,"lower_bound":0.0008901098594287227,"upper_bound":0.003436698083507883},"point_estimate":0.002643995030873647,"standard_error":0.0006758451885135808}}