{"mean":{"confidence_interval":{"confidence_level":0.95,"lower_bound":0.018552247747101673,"upper_bound":0.052674822642256224},"point_estimate":0.032787417641730876,"standard_error":0.009561560885390591},"median":{"confidence_interval":{"confidence_level":0.95,"lower_bound":0.014666104530509767,"upper_bound":0.025472789066920853},"point_estimate":0.021593551383250587,"standard_error":0.002887980819824268}}