{"mean":{"confidence_interval":{"confidence_level":0.95,"lower_bound":-0.010132617141339794,"upper_bound":-0.004961087550406106},"point_estimate":-0.007581556745677398,"standard_error":0.0013259225094548975},"median":{"confidence_interval":{"confidence_level":0.95,"lower_bound":-0.009720246794532317,"upper_bound":-0.004376022795195111},"point_estimate":-0.006984491704704943,"standard_error":0.0013490381791798197}}