{"mean":{"confidence_interval":{"confidence_level":0.95,"lower_bound":-0.005574682833130229,"upper_bound":0.012826523542584982},"point_estimate":0.0013381406495702741,"standard_error":0.004785928948845539},"median":{"confidence_interval":{"confidence_level":0.95,"lower_bound":-0.012041097062825301,"upper_bound":-0.0005025952697208513},"point_estimate":-0.006513353171885838,"standard_error":0.0031548573148757015}}