{"mean":{"confidence_interval":{"confidence_level":0.95,"lower_bound":0.012418549173042137,"upper_bound":0.01865494674001059},"point_estimate":0.015528553779573295,"standard_error":0.0015861795568535395},"median":{"confidence_interval":{"confidence_level":0.95,"lower_bound":0.013530776701987879,"upper_bound":0.0225922806010945},"point_estimate":0.018871255029667022,"standard_error":0.0022485735699472823}}