{"mean":{"confidence_interval":{"confidence_level":0.95,"lower_bound":-0.05998113404086559,"upper_bound":-0.01796515977408107},"point_estimate":-0.03511233025372951,"standard_error":0.011064755867549824},"median":{"confidence_interval":{"confidence_level":0.95,"lower_bound":-0.024086079673054317,"upper_bound":-0.012415575390401945},"point_estimate":-0.019325711444989402,"standard_error":0.0030870736974026197}}