{"mean":{"confidence_interval":{"confidence_level":0.95,"lower_bound":0.20040493473359047,"upper_bound":0.20423030542339518},"point_estimate":0.20237878162841327,"standard_error":0.0009787917106262006},"median":{"confidence_interval":{"confidence_level":0.95,"lower_bound":0.20280841692360974,"upper_bound":0.20406877846934557},"point_estimate":0.20323673239139262,"standard_error":0.0003424349293209262}}