{"mean":{"confidence_interval":{"confidence_level":0.95,"lower_bound":-0.006034142913351033,"upper_bound":0.03610014686454271},"point_estimate":0.010999290002277728,"standard_error":0.01102667540328088},"median":{"confidence_interval":{"confidence_level":0.95,"lower_bound":-0.008141186889643381,"upper_bound":-0.003895671703453322},"point_estimate":-0.005978385866537428,"standard_error":0.0010797209049517498}}