{"mean":{"confidence_interval":{"confidence_level":0.95,"lower_bound":-0.01330909361327216,"upper_bound":0.12473709477936883},"point_estimate":0.037053234723179784,"standard_error":0.03887551476349184},"median":{"confidence_interval":{"confidence_level":0.95,"lower_bound":-0.007494367121756662,"upper_bound":0.0007344793461143695},"point_estimate":-0.002683013478466112,"standard_error":0.0021098811703954973}}