{"mean":{"confidence_interval":{"confidence_level":0.95,"lower_bound":0.03439318232308307,"upper_bound":0.05620559116963207},"point_estimate":0.04402339078226447,"standard_error":0.005829069653960507},"median":{"confidence_interval":{"confidence_level":0.95,"lower_bound":0.03444621781523218,"upper_bound":0.04670046495071268},"point_estimate":0.041261789611034994,"standard_error":0.0030314148934900433}}