{"mean":{"confidence_interval":{"confidence_level":0.95,"lower_bound":-0.03720456008165664,"upper_bound":-0.025448884602920534},"point_estimate":-0.03127459836894908,"standard_error":0.0030069530637839227},"median":{"confidence_interval":{"confidence_level":0.95,"lower_bound":-0.038546000495889965,"upper_bound":-0.02479493835758342},"point_estimate":-0.03212290056122036,"standard_error":0.0035901303422307953}}