{"mean":{"confidence_interval":{"confidence_level":0.95,"lower_bound":-0.01003634292073924,"upper_bound":-0.0005667457397188879},"point_estimate":-0.005190633579277626,"standard_error":0.0024218499901594174},"median":{"confidence_interval":{"confidence_level":0.95,"lower_bound":-0.009948370194147294,"upper_bound":0.0016323105183404518},"point_estimate":-0.005926629596874067,"standard_error":0.0027409159843481356}}