{"mean":{"confidence_interval":{"confidence_level":0.95,"lower_bound":0.025185459904018406,"upper_bound":0.06691167499652002},"point_estimate":0.048696254295529595,"standard_error":0.010822957375396553},"median":{"confidence_interval":{"confidence_level":0.95,"lower_bound":0.05340383036325802,"upper_bound":0.07056560263319134},"point_estimate":0.0616964704231735,"standard_error":0.004173994228937701}}