{"mean":{"confidence_interval":{"confidence_level":0.95,"lower_bound":-0.0916877412342961,"upper_bound":-0.028149272371215325},"point_estimate":-0.05893035738355956,"standard_error":0.016207218964694955},"median":{"confidence_interval":{"confidence_level":0.95,"lower_bound":-0.059690178480037104,"upper_bound":-0.042855696588144365},"point_estimate":-0.05130446656171528,"standard_error":0.004152337978732894}}