{"mean":{"confidence_interval":{"confidence_level":0.95,"lower_bound":0.00031877251671106336,"upper_bound":0.008981400890671704},"point_estimate":0.004642164192347753,"standard_error":0.0021940717512834063},"median":{"confidence_interval":{"confidence_level":0.95,"lower_bound":-0.004456026062132357,"upper_bound":0.00862938211346972},"point_estimate":0.001374014225452136,"standard_error":0.0033591671652352197}}