{"mean":{"confidence_interval":{"confidence_level":0.95,"lower_bound":-0.03134155043250677,"upper_bound":-0.009336145854742862},"point_estimate":-0.018200782948385896,"standard_error":0.005816417681352864},"median":{"confidence_interval":{"confidence_level":0.95,"lower_bound":-0.01852041768486834,"upper_bound":-0.004994552183954948},"point_estimate":-0.010657473593421174,"standard_error":0.0034482347403086244}}