{"mean":{"confidence_interval":{"confidence_level":0.95,"lower_bound":-0.018194857305420954,"upper_bound":0.035512459513313346},"point_estimate":0.005465938403476089,"standard_error":0.014260927067190465},"median":{"confidence_interval":{"confidence_level":0.95,"lower_bound":-0.017489631611652734,"upper_bound":-0.003461661305173669},"point_estimate":-0.00901703563801537,"standard_error":0.0036356511714895077}}