{"mean":{"confidence_interval":{"confidence_level":0.95,"lower_bound":-0.0010484998910574638,"upper_bound":0.009062429166972275},"point_estimate":0.0038320501254507366,"standard_error":0.002580313623600489},"median":{"confidence_interval":{"confidence_level":0.95,"lower_bound":-0.004261213091514615,"upper_bound":0.008014671193784961},"point_estimate":0.000844377624076742,"standard_error":0.002988871776969688}}