{"mean":{"confidence_interval":{"confidence_level":0.95,"lower_bound":0.0010333843720861551,"upper_bound":0.02404167693872915},"point_estimate":0.010176682333634668,"standard_error":0.005924965570940296},"median":{"confidence_interval":{"confidence_level":0.95,"lower_bound":-0.004024376462599821,"upper_bound":0.012096990762297956},"point_estimate":0.00464659762380748,"standard_error":0.004191505449785286}}