{"mean":{"confidence_interval":{"confidence_level":0.95,"lower_bound":-0.02893918206968919,"upper_bound":-0.007165016172438474},"point_estimate":-0.01616732410128585,"standard_error":0.005677369654755213},"median":{"confidence_interval":{"confidence_level":0.95,"lower_bound":-0.018980550140575536,"upper_bound":-0.0030904525090353907},"point_estimate":-0.011870261324523401,"standard_error":0.004088324181499639}}