{"mean":{"confidence_interval":{"confidence_level":0.95,"lower_bound":6799974.103999999,"upper_bound":6847221.984625},"point_estimate":6823427.5425,"standard_error":12039.501993379361},"median":{"confidence_interval":{"confidence_level":0.95,"lower_bound":6793437.5,"upper_bound":6842369.75},"point_estimate":6817723.9375,"standard_error":11765.375795562333},"median_abs_dev":{"confidence_interval":{"confidence_level":0.95,"lower_bound":85840.22191353142,"upper_bound":143557.3755763471},"point_estimate":116534.67449359596,"standard_error":15187.80755776246},"slope":null,"std_dev":{"confidence_interval":{"confidence_level":0.95,"lower_bound":104263.87433071797,"upper_bound":136140.649422536},"point_estimate":121192.09698228711,"standard_error":8148.97383204368}}