{"mean":{"confidence_interval":{"confidence_level":0.95,"lower_bound":109070953.83,"upper_bound":113143098.79575},"point_estimate":110973909.64,"standard_error":1043673.3100885927},"median":{"confidence_interval":{"confidence_level":0.95,"lower_bound":107553416.5,"upper_bound":109856958.0},"point_estimate":108540979.0,"standard_error":566490.1870257286},"median_abs_dev":{"confidence_interval":{"confidence_level":0.95,"lower_bound":5181841.098403931,"upper_bound":9346310.975369811},"point_estimate":6958150.79856813,"standard_error":1040915.3858891808},"slope":null,"std_dev":{"confidence_interval":{"confidence_level":0.95,"lower_bound":7132529.209786823,"upper_bound":14000292.845186574},"point_estimate":10473401.052436283,"standard_error":1812987.9722847252}}