{"mean":{"confidence_interval":{"confidence_level":0.95,"lower_bound":5615864.412583336,"upper_bound":5664366.608055556},"point_estimate":5640362.318888891,"standard_error":12366.688838393622},"median":{"confidence_interval":{"confidence_level":0.95,"lower_bound":5607037.055555556,"upper_bound":5697819.444444444},"point_estimate":5634997.722222222,"standard_error":25261.42318249353},"median_abs_dev":{"confidence_interval":{"confidence_level":0.95,"lower_bound":109506.39902253938,"upper_bound":163982.08052873652},"point_estimate":136608.49127471494,"standard_error":13505.283094489712},"slope":null,"std_dev":{"confidence_interval":{"confidence_level":0.95,"lower_bound":109072.05558838506,"upper_bound":137688.00228092},"point_estimate":124195.3889930177,"standard_error":7313.527809155993}}