{"mean":{"confidence_interval":{"confidence_level":0.95,"lower_bound":172260415.11275,"upper_bound":173467448.949},"point_estimate":172864764.64,"standard_error":308062.63334093627},"median":{"confidence_interval":{"confidence_level":0.95,"lower_bound":172246042.0,"upper_bound":173698750.0},"point_estimate":172932521.0,"standard_error":377715.62675357086},"median_abs_dev":{"confidence_interval":{"confidence_level":0.95,"lower_bound":2103376.4434576035,"upper_bound":3300575.199435577},"point_estimate":2800847.8098750114,"standard_error":303828.1985382546},"slope":null,"std_dev":{"confidence_interval":{"confidence_level":0.95,"lower_bound":2616369.281399635,"upper_bound":3527680.5589037198},"point_estimate":3097286.9700501915,"standard_error":233454.9740402512}}