{"mean":{"confidence_interval":{"confidence_level":0.95,"lower_bound":6506.8060836957,"upper_bound":6542.182646042112},"point_estimate":6524.631076684549,"standard_error":9.019525406934678},"median":{"confidence_interval":{"confidence_level":0.95,"lower_bound":6513.796909492274,"upper_bound":6555.416938718403},"point_estimate":6538.465548894466,"standard_error":10.39406431784181},"median_abs_dev":{"confidence_interval":{"confidence_level":0.95,"lower_bound":56.59790143397944,"upper_bound":98.72829135621924},"point_estimate":70.5817567687138,"standard_error":10.615679947181501},"slope":{"confidence_interval":{"confidence_level":0.95,"lower_bound":6535.536504331456,"upper_bound":6565.848731122032},"point_estimate":6551.63630869324,"standard_error":7.7240927599160285},"std_dev":{"confidence_interval":{"confidence_level":0.95,"lower_bound":74.84895327550849,"upper_bound":105.16737186054445},"point_estimate":90.7290171010091,"standard_error":7.744480498540342}}