{"mean":{"confidence_interval":{"confidence_level":0.95,"lower_bound":5683108.374861115,"upper_bound":5730355.52413889},"point_estimate":5706509.766666667,"standard_error":12044.105067179773},"median":{"confidence_interval":{"confidence_level":0.95,"lower_bound":5675300.944444444,"upper_bound":5736969.888888888},"point_estimate":5700148.166666666,"standard_error":16397.24204789171},"median_abs_dev":{"confidence_interval":{"confidence_level":0.95,"lower_bound":91886.93383534765,"upper_bound":153123.17238152074},"point_estimate":118319.63219940731,"standard_error":15620.886430688146},"slope":null,"std_dev":{"confidence_interval":{"confidence_level":0.95,"lower_bound":105747.56388757235,"upper_bound":135319.46453872806},"point_estimate":121474.35131659637,"standard_error":7590.38526341507}}