{"mean":{"confidence_interval":{"confidence_level":0.95,"lower_bound":0.0016820395967632282,"upper_bound":0.04131180638388317},"point_estimate":0.019866050857294315,"standard_error":0.010202884998840131},"median":{"confidence_interval":{"confidence_level":0.95,"lower_bound":0.009875842068397755,"upper_bound":0.024127346356115797},"point_estimate":0.017831175853513015,"standard_error":0.0036465760318162917}}