{"mean":{"confidence_interval":{"confidence_level":0.95,"lower_bound":0.013487010850440143,"upper_bound":0.11231333045642851},"point_estimate":0.055773070060266106,"standard_error":0.026614089655884},"median":{"confidence_interval":{"confidence_level":0.95,"lower_bound":0.020670790998608357,"upper_bound":0.027229889964426324},"point_estimate":0.023568259579627826,"standard_error":0.0016891839472735965}}