{"mean":{"confidence_interval":{"confidence_level":0.95,"lower_bound":-0.007546448553025578,"upper_bound":-0.0009899247134446084},"point_estimate":-0.0044414594455637335,"standard_error":0.0016670530254465498},"median":{"confidence_interval":{"confidence_level":0.95,"lower_bound":-0.007918467176175503,"upper_bound":-0.0011285228980542432},"point_estimate":-0.004042999236690048,"standard_error":0.001737542940825779}}