{"mean":{"confidence_interval":{"confidence_level":0.95,"lower_bound":-0.09286076497030528,"upper_bound":-0.08577049173721205},"point_estimate":-0.08928655264601004,"standard_error":0.0018119324674845773},"median":{"confidence_interval":{"confidence_level":0.95,"lower_bound":-0.09543120263842153,"upper_bound":-0.08486521306554695},"point_estimate":-0.09166325057493396,"standard_error":0.0028469539432462885}}