{"mean":{"confidence_interval":{"confidence_level":0.95,"lower_bound":-0.07209631806173168,"upper_bound":-0.027984278272558005},"point_estimate":-0.048360340925132195,"standard_error":0.011230881673171026},"median":{"confidence_interval":{"confidence_level":0.95,"lower_bound":-0.03441095378371972,"upper_bound":-0.020497030165778862},"point_estimate":-0.02649921539729916,"standard_error":0.0040411498064341}}