{"mean":{"confidence_interval":{"confidence_level":0.95,"lower_bound":-0.18602955909586041,"upper_bound":-0.164735835687852},"point_estimate":-0.17850048937198382,"standard_error":0.005279274206640495},"median":{"confidence_interval":{"confidence_level":0.95,"lower_bound":-0.186002413193181,"upper_bound":-0.1773912345794994},"point_estimate":-0.18191877191237804,"standard_error":0.0022758270620013687}}