{"mean":{"confidence_interval":{"confidence_level":0.95,"lower_bound":-0.08982735451083479,"upper_bound":-0.0194101053040353},"point_estimate":-0.05391492521322372,"standard_error":0.017981041558050796},"median":{"confidence_interval":{"confidence_level":0.95,"lower_bound":-0.06081667721880413,"upper_bound":-0.034150041623617546},"point_estimate":-0.045445172470847006,"standard_error":0.007512209601769699}}