{"mean":{"confidence_interval":{"confidence_level":0.95,"lower_bound":-0.051526101742880574,"upper_bound":-0.01987430889192382},"point_estimate":-0.03299756664527198,"standard_error":0.008313158802983684},"median":{"confidence_interval":{"confidence_level":0.95,"lower_bound":-0.030980174090777135,"upper_bound":-0.017804256285806952},"point_estimate":-0.023593519720201628,"standard_error":0.0033975386299158706}}