{"mean":{"confidence_interval":{"confidence_level":0.95,"lower_bound":-0.05543190194778614,"upper_bound":-0.021492243559415796},"point_estimate":-0.03745303569610614,"standard_error":0.008641013745674003},"median":{"confidence_interval":{"confidence_level":0.95,"lower_bound":-0.059527910125576566,"upper_bound":-0.04284377492222213},"point_estimate":-0.05320252500649281,"standard_error":0.004187791570534261}}