{"mean":{"confidence_interval":{"confidence_level":0.95,"lower_bound":0.01861221503732437,"upper_bound":0.023454540069382045},"point_estimate":0.021094399748125436,"standard_error":0.0012415163176849571},"median":{"confidence_interval":{"confidence_level":0.95,"lower_bound":0.017495704195998885,"upper_bound":0.02321274104135429},"point_estimate":0.019305127109593867,"standard_error":0.0015090843210171583}}