{"mean":{"confidence_interval":{"confidence_level":0.95,"lower_bound":0.023712205075166862,"upper_bound":0.0612092131893527},"point_estimate":0.045576018843286104,"standard_error":0.009844171204920716},"median":{"confidence_interval":{"confidence_level":0.95,"lower_bound":0.051902060915459236,"upper_bound":0.06237505922561648},"point_estimate":0.05761004935658409,"standard_error":0.0027534493824935957}}