{"mean":{"confidence_interval":{"confidence_level":0.95,"lower_bound":-0.024166439286817425,"upper_bound":-0.018305711735830107},"point_estimate":-0.02121287609366085,"standard_error":0.0014982170823793133},"median":{"confidence_interval":{"confidence_level":0.95,"lower_bound":-0.02572134173880425,"upper_bound":-0.019817236562766016},"point_estimate":-0.022005697531744417,"standard_error":0.0015174959079911174}}