{"mean":{"confidence_interval":{"confidence_level":0.95,"lower_bound":0.04884488864872214,"upper_bound":0.09086578329933861},"point_estimate":0.06629019088967336,"standard_error":0.010655546563421612},"median":{"confidence_interval":{"confidence_level":0.95,"lower_bound":0.047427842617172304,"upper_bound":0.05964568068815024},"point_estimate":0.05427989024306368,"standard_error":0.0032204304176789793}}