{"mean":{"confidence_interval":{"confidence_level":0.95,"lower_bound":0.12595765278617863,"upper_bound":0.19869238355404295},"point_estimate":0.15749329977755844,"standard_error":0.019263251218428975},"median":{"confidence_interval":{"confidence_level":0.95,"lower_bound":0.12096243170737164,"upper_bound":0.14990032951771326},"point_estimate":0.13396050002543824,"standard_error":0.008191773515545973}}