{"mean":{"confidence_interval":{"confidence_level":0.95,"lower_bound":-0.07165163978771205,"upper_bound":-0.0660030033927472},"point_estimate":-0.06861822471610934,"standard_error":0.001443884762994537},"median":{"confidence_interval":{"confidence_level":0.95,"lower_bound":-0.06952842722100454,"upper_bound":-0.06502072960838562},"point_estimate":-0.06728193828304474,"standard_error":0.00117410639925266}}