{"mean":{"confidence_interval":{"confidence_level":0.95,"lower_bound":0.018052488754188863,"upper_bound":0.043154943508435045},"point_estimate":0.027900235379580085,"standard_error":0.006918955831642295},"median":{"confidence_interval":{"confidence_level":0.95,"lower_bound":0.014659699396860182,"upper_bound":0.026412197528358883},"point_estimate":0.01902443479114657,"standard_error":0.0031001047208589266}}