{"mean":{"confidence_interval":{"confidence_level":0.95,"lower_bound":0.2665780563242474,"upper_bound":0.3181802756302097},"point_estimate":0.29637483214053906,"standard_error":0.013441445582845534},"median":{"confidence_interval":{"confidence_level":0.95,"lower_bound":0.30807550692191077,"upper_bound":0.32191997152207685},"point_estimate":0.3135312151723304,"standard_error":0.0037218740605515005}}