{"mean":{"confidence_interval":{"confidence_level":0.95,"lower_bound":-0.075000541134071,"upper_bound":0.008714005634797677},"point_estimate":-0.04734854716231074,"standard_error":0.021580787935866277},"median":{"confidence_interval":{"confidence_level":0.95,"lower_bound":-0.07908705889755996,"upper_bound":-0.07291636566887183},"point_estimate":-0.07541331064998391,"standard_error":0.0016768128208760036}}