{"mean":{"confidence_interval":{"confidence_level":0.95,"lower_bound":-0.1268099336953473,"upper_bound":-0.10806092564188456},"point_estimate":-0.11572998653905209,"standard_error":0.00495125267828989},"median":{"confidence_interval":{"confidence_level":0.95,"lower_bound":-0.11801238018178906,"upper_bound":-0.1022248677193327},"point_estimate":-0.11120244355802689,"standard_error":0.004116647204041492}}