{"mean":{"confidence_interval":{"confidence_level":0.95,"lower_bound":1.050574611876436,"upper_bound":1.0654654257120126},"point_estimate":1.0576551027021908,"standard_error":0.003808588415691479},"median":{"confidence_interval":{"confidence_level":0.95,"lower_bound":1.0445265586713295,"upper_bound":1.0638887755246502},"point_estimate":1.0577887946864433,"standard_error":0.00536851259632956}}