{"mean":{"confidence_interval":{"confidence_level":0.95,"lower_bound":0.008099039698492922,"upper_bound":0.03311387494050644},"point_estimate":0.01705657593749299,"standard_error":0.006345383301623656},"median":{"confidence_interval":{"confidence_level":0.95,"lower_bound":0.007755166164984617,"upper_bound":0.014595279158223118},"point_estimate":0.01296020652441321,"standard_error":0.0017701794544411548}}