{"mean":{"confidence_interval":{"confidence_level":0.95,"lower_bound":0.7871026836958408,"upper_bound":0.8267603188508379},"point_estimate":0.81067588315981,"standard_error":0.01048190727358828},"median":{"confidence_interval":{"confidence_level":0.95,"lower_bound":0.8110027126905955,"upper_bound":0.8282975617816632},"point_estimate":0.8191284240018093,"standard_error":0.004115227026585483}}