{"mean":{"confidence_interval":{"confidence_level":0.95,"lower_bound":0.1810624981313214,"upper_bound":0.24087844233349212},"point_estimate":0.21308870503680377,"standard_error":0.01520894038573168},"median":{"confidence_interval":{"confidence_level":0.95,"lower_bound":0.21292635673796023,"upper_bound":0.23003150234014336},"point_estimate":0.21889428191794935,"standard_error":0.004846457966718184}}