{"mean":{"confidence_interval":{"confidence_level":0.95,"lower_bound":7.67357658017459,"upper_bound":7.705022440040411},"point_estimate":7.690197424044337,"standard_error":0.008067226729643679},"median":{"confidence_interval":{"confidence_level":0.95,"lower_bound":7.701604322973008,"upper_bound":7.726361520686986},"point_estimate":7.712868850932704,"standard_error":0.006818225375457009}}