{"mean":{"confidence_interval":{"confidence_level":0.95,"lower_bound":-0.0002427971837842811,"upper_bound":0.03970847710127295},"point_estimate":0.01862076996231199,"standard_error":0.010673039245055652},"median":{"confidence_interval":{"confidence_level":0.95,"lower_bound":0.0019807649059602195,"upper_bound":0.009569937450987291},"point_estimate":0.006003055085374909,"standard_error":0.0019519817685804673}}