{"mean":{"confidence_interval":{"confidence_level":0.95,"lower_bound":1.1238046923953418,"upper_bound":1.1342347077999475},"point_estimate":1.1290305573836896,"standard_error":0.002653892908680145},"median":{"confidence_interval":{"confidence_level":0.95,"lower_bound":1.1249315594402178,"upper_bound":1.1354097829907026},"point_estimate":1.1314573609399758,"standard_error":0.0026603828413210087}}