{"mean":{"confidence_interval":{"confidence_level":0.95,"lower_bound":0.14757608260003258,"upper_bound":0.19199886469172817},"point_estimate":0.17061524308490883,"standard_error":0.011076253707319485},"median":{"confidence_interval":{"confidence_level":0.95,"lower_bound":0.1607198598247095,"upper_bound":0.18284389625489994},"point_estimate":0.17123446540306575,"standard_error":0.005700538643161155}}