{"mean":{"confidence_interval":{"confidence_level":0.95,"lower_bound":-0.4545338455417804,"upper_bound":-0.45055326490066444},"point_estimate":-0.4525485894928951,"standard_error":0.0010169906172549218},"median":{"confidence_interval":{"confidence_level":0.95,"lower_bound":-0.4549981832439509,"upper_bound":-0.4482738064784648},"point_estimate":-0.45071032180336523,"standard_error":0.0017780247277504825}}