{"mean":{"confidence_interval":{"confidence_level":0.95,"lower_bound":-0.08838927372052328,"upper_bound":-0.053395482136849526},"point_estimate":-0.07177141124707509,"standard_error":0.008778190362938613},"median":{"confidence_interval":{"confidence_level":0.95,"lower_bound":-0.06743373022666965,"upper_bound":-0.05356106782774894},"point_estimate":-0.061355557526013293,"standard_error":0.003192912548948248}}