{"mean":{"confidence_interval":{"confidence_level":0.95,"lower_bound":-0.2834961469255801,"upper_bound":-0.20262867867093878},"point_estimate":-0.23697175906513657,"standard_error":0.021208678310665932},"median":{"confidence_interval":{"confidence_level":0.95,"lower_bound":-0.22857667830089246,"upper_bound":-0.2183862852047883},"point_estimate":-0.22205311955560092,"standard_error":0.0028830653387344886}}