{"mean":{"confidence_interval":{"confidence_level":0.95,"lower_bound":-0.20935690173234534,"upper_bound":-0.018325373680959142},"point_estimate":-0.11214522647933145,"standard_error":0.04894172203211652},"median":{"confidence_interval":{"confidence_level":0.95,"lower_bound":-0.012504818036874865,"upper_bound":0.00012856617255185832},"point_estimate":-0.005997091969252688,"standard_error":0.003218925866160435}}