{"mean":{"confidence_interval":{"confidence_level":0.95,"lower_bound":-0.011917690274784842,"upper_bound":0.20607555941431938},"point_estimate":0.08133208881461851,"standard_error":0.05978381533032639},"median":{"confidence_interval":{"confidence_level":0.95,"lower_bound":-0.0473113296872838,"upper_bound":-0.03231966002781783},"point_estimate":-0.03995897800069659,"standard_error":0.003892151035101101}}