{"mean":{"confidence_interval":{"confidence_level":0.95,"lower_bound":-0.1745546940011911,"upper_bound":-0.15323919076138948},"point_estimate":-0.16602213805402077,"standard_error":0.005839152704092782},"median":{"confidence_interval":{"confidence_level":0.95,"lower_bound":-0.17575326368609356,"upper_bound":-0.16771871293355123},"point_estimate":-0.17164966538318138,"standard_error":0.0020077628032463693}}