{"mean":{"confidence_interval":{"confidence_level":0.95,"lower_bound":-0.36632682909509046,"upper_bound":-0.35194926510779606},"point_estimate":-0.35823211993078075,"standard_error":0.003706699952828984},"median":{"confidence_interval":{"confidence_level":0.95,"lower_bound":-0.3542849276352349,"upper_bound":-0.34941230585268257},"point_estimate":-0.35174264937559085,"standard_error":0.0013034556084364093}}