{"mean":{"confidence_interval":{"confidence_level":0.95,"lower_bound":-0.02597736770693547,"upper_bound":0.022818976478404595},"point_estimate":-0.004972620181894705,"standard_error":0.01235539429222614},"median":{"confidence_interval":{"confidence_level":0.95,"lower_bound":-0.015158054350910666,"upper_bound":0.0024680272321665107},"point_estimate":-0.005448315691228167,"standard_error":0.004661839164110704}}