{"mean":{"confidence_interval":{"confidence_level":0.95,"lower_bound":-0.004143909309939916,"upper_bound":0.0038823895763745787},"point_estimate":-0.000042892651314518915,"standard_error":0.0020556361174228306},"median":{"confidence_interval":{"confidence_level":0.95,"lower_bound":-0.008719646821173432,"upper_bound":0.002453141097821465},"point_estimate":-0.004517814622595928,"standard_error":0.0029570771179658955}}