{"mean":{"confidence_interval":{"confidence_level":0.95,"lower_bound":-0.008076630706575608,"upper_bound":0.038287190502030145},"point_estimate":0.01342921218939841,"standard_error":0.011346991543563},"median":{"confidence_interval":{"confidence_level":0.95,"lower_bound":0.007371737587485501,"upper_bound":0.01810561975268299},"point_estimate":0.012845633373683496,"standard_error":0.0027689450907909317}}