{"mean":{"confidence_interval":{"confidence_level":0.95,"lower_bound":-0.017802027631069157,"upper_bound":0.0023249759292885354},"point_estimate":-0.005924798210021898,"standard_error":0.0052894716028398766},"median":{"confidence_interval":{"confidence_level":0.95,"lower_bound":-0.005488884852944187,"upper_bound":0.0032738218771013973},"point_estimate":-0.0011047524973153422,"standard_error":0.002141905895546466}}