{"mean":{"confidence_interval":{"confidence_level":0.95,"lower_bound":-0.05209436459599056,"upper_bound":-0.01736809159440554},"point_estimate":-0.03205934709573899,"standard_error":0.009029968433119925},"median":{"confidence_interval":{"confidence_level":0.95,"lower_bound":-0.030272167551042783,"upper_bound":-0.019324909650855093},"point_estimate":-0.02518780269446297,"standard_error":0.0028376087253294065}}