{"mean":{"confidence_interval":{"confidence_level":0.95,"lower_bound":0.0036225133112409995,"upper_bound":0.029546390162791966},"point_estimate":0.014641483874875849,"standard_error":0.006965418616306004},"median":{"confidence_interval":{"confidence_level":0.95,"lower_bound":0.0025603554795172734,"upper_bound":0.014153587234603027},"point_estimate":0.008918499312417838,"standard_error":0.003030246912172784}}