{"mean":{"confidence_interval":{"confidence_level":0.95,"lower_bound":293402.74153334287,"upper_bound":298708.26054714934},"point_estimate":295502.3594358483,"standard_error":1404.7151710983942},"median":{"confidence_interval":{"confidence_level":0.95,"lower_bound":292741.36707482993,"upper_bound":294596.0741959064},"point_estimate":293699.09347943723,"standard_error":416.3728679116983},"median_abs_dev":{"confidence_interval":{"confidence_level":0.95,"lower_bound":2867.2157639777097,"upper_bound":4811.203260716997},"point_estimate":3840.1027278380934,"standard_error":467.53200090029037},"slope":{"confidence_interval":{"confidence_level":0.95,"lower_bound":292357.4950358414,"upper_bound":302491.81483349},"point_estimate":295921.1318730604,"standard_error":2833.0000757592074},"std_dev":{"confidence_interval":{"confidence_level":0.95,"lower_bound":4442.411728764838,"upper_bound":23260.506342875866},"point_estimate":14177.057723261993,"standard_error":6224.190422588202}}