{"mean":{"confidence_interval":{"confidence_level":0.95,"lower_bound":290176.0503855068,"upper_bound":297761.10662614566},"point_estimate":293070.05069100333,"standard_error":2055.949103116441},"median":{"confidence_interval":{"confidence_level":0.95,"lower_bound":288770.01923076925,"upper_bound":292434.2948717949},"point_estimate":290601.13008018956,"standard_error":773.7278985400111},"median_abs_dev":{"confidence_interval":{"confidence_level":0.95,"lower_bound":4636.803197075959,"upper_bound":7280.616730610185},"point_estimate":5980.643539989612,"standard_error":674.3453958334197},"slope":{"confidence_interval":{"confidence_level":0.95,"lower_bound":289716.6797585267,"upper_bound":297581.65398276504},"point_estimate":292693.6274937195,"standard_error":2101.105944015729},"std_dev":{"confidence_interval":{"confidence_level":0.95,"lower_bound":5561.307088995045,"upper_bound":34454.80976669475},"point_estimate":20672.158036230456,"standard_error":9906.182561555925}}