{"mean":{"confidence_interval":{"confidence_level":0.95,"lower_bound":0.015118868345478214,"upper_bound":0.026233274361945464},"point_estimate":0.020683419555822313,"standard_error":0.002810369730148779},"median":{"confidence_interval":{"confidence_level":0.95,"lower_bound":0.014885409280514628,"upper_bound":0.025563505767006056},"point_estimate":0.0196242816982537,"standard_error":0.0025739737613025503}}