{"mean":{"confidence_interval":{"confidence_level":0.95,"lower_bound":0.002669896411408718,"upper_bound":0.0121768096165407},"point_estimate":0.007382468830607891,"standard_error":0.002419494311997099},"median":{"confidence_interval":{"confidence_level":0.95,"lower_bound":-0.00021110972257532,"upper_bound":0.01128853871095492},"point_estimate":0.0060426495295375915,"standard_error":0.00280426612528708}}