{"mean":{"confidence_interval":{"confidence_level":0.95,"lower_bound":-0.012590773942714038,"upper_bound":-0.002941181065388591},"point_estimate":-0.007804657186168518,"standard_error":0.0024539692636446724},"median":{"confidence_interval":{"confidence_level":0.95,"lower_bound":-0.012964690114033695,"upper_bound":-0.00196162740964001},"point_estimate":-0.007727180505721298,"standard_error":0.002741404938022167}}