{"mean":{"confidence_interval":{"confidence_level":0.95,"lower_bound":-0.03944413725211389,"upper_bound":0.003237566219640002},"point_estimate":-0.014654324651124484,"standard_error":0.01103571673378096},"median":{"confidence_interval":{"confidence_level":0.95,"lower_bound":-0.008928999686638184,"upper_bound":0.0020770879867923163},"point_estimate":-0.0022936046338717375,"standard_error":0.0027698087816123685}}