{"mean":{"confidence_interval":{"confidence_level":0.95,"lower_bound":-0.00878909997949998,"upper_bound":-0.0007506148887406847},"point_estimate":-0.004690750923919351,"standard_error":0.0020466205944527148},"median":{"confidence_interval":{"confidence_level":0.95,"lower_bound":-0.008683297947948532,"upper_bound":0.002560034787906895},"point_estimate":-0.0033128216475263317,"standard_error":0.0028158545343933985}}