{"mean":{"confidence_interval":{"confidence_level":0.95,"lower_bound":-0.000034695452064928086,"upper_bound":0.014275297030995697},"point_estimate":0.007106087497506186,"standard_error":0.0039027670822730795},"median":{"confidence_interval":{"confidence_level":0.95,"lower_bound":-0.0036125762113015103,"upper_bound":0.0061526814688313},"point_estimate":0.0010620268296803737,"standard_error":0.0023351659481921335}}