{"mean":{"confidence_interval":{"confidence_level":0.95,"lower_bound":-0.017739760549699557,"upper_bound":0.0005540098717959431},"point_estimate":-0.007164014205186087,"standard_error":0.004792929188019925},"median":{"confidence_interval":{"confidence_level":0.95,"lower_bound":-0.007928385278920591,"upper_bound":0.000888388982509758},"point_estimate":-0.004180205266361869,"standard_error":0.0022089647724817217}}