{"mean":{"confidence_interval":{"confidence_level":0.95,"lower_bound":-0.056926828239911034,"upper_bound":-0.01774517690380569},"point_estimate":-0.042315311809321465,"standard_error":0.010376137257146504},"median":{"confidence_interval":{"confidence_level":0.95,"lower_bound":-0.06212475276707752,"upper_bound":-0.04943683228279627},"point_estimate":-0.05730731698109914,"standard_error":0.0032308544960076096}}