{"mean":{"confidence_interval":{"confidence_level":0.95,"lower_bound":0.010883590063629916,"upper_bound":0.026920725388434544},"point_estimate":0.0195177057874929,"standard_error":0.004112323162633248},"median":{"confidence_interval":{"confidence_level":0.95,"lower_bound":0.01887067456462277,"upper_bound":0.027238108314660225},"point_estimate":0.02346919247691237,"standard_error":0.0021915809629429205}}