{"mean":{"confidence_interval":{"confidence_level":0.95,"lower_bound":-0.011260721613857261,"upper_bound":-0.001960293011107465},"point_estimate":-0.0064320952148986255,"standard_error":0.0023634790155845275},"median":{"confidence_interval":{"confidence_level":0.95,"lower_bound":-0.011569258395789705,"upper_bound":-0.004041471600138556},"point_estimate":-0.007910464474035983,"standard_error":0.001851335166018306}}