{"mean":{"confidence_interval":{"confidence_level":0.95,"lower_bound":-0.107764902257407,"upper_bound":0.014898047937245817},"point_estimate":-0.03589022830004929,"standard_error":0.03356199463857573},"median":{"confidence_interval":{"confidence_level":0.95,"lower_bound":-0.01343989648943078,"upper_bound":-0.002454373869797454},"point_estimate":-0.008416992948984126,"standard_error":0.0029096316220948663}}