{"mean":{"confidence_interval":{"confidence_level":0.95,"lower_bound":-0.018609518686535338,"upper_bound":-0.007258723798005104},"point_estimate":-0.012999772245910424,"standard_error":0.0028925240568816},"median":{"confidence_interval":{"confidence_level":0.95,"lower_bound":-0.018249564373369956,"upper_bound":-0.0029780366156832994},"point_estimate":-0.00891780691806876,"standard_error":0.0040195478831845394}}