{"mean":{"confidence_interval":{"confidence_level":0.95,"lower_bound":-0.006473349060978333,"upper_bound":0.002445337104123817},"point_estimate":-0.001938901550164851,"standard_error":0.002270028716951985},"median":{"confidence_interval":{"confidence_level":0.95,"lower_bound":-0.008724920582490636,"upper_bound":0.007272774610617816},"point_estimate":-0.0015408511342624998,"standard_error":0.004292024368151437}}