{"mean":{"confidence_interval":{"confidence_level":0.95,"lower_bound":0.20297759985535951,"upper_bound":0.23068967105684934},"point_estimate":0.21422247398076255,"standard_error":0.006825096818929423},"median":{"confidence_interval":{"confidence_level":0.95,"lower_bound":0.19626460571932003,"upper_bound":0.21557685477468258},"point_estimate":0.207949159856885,"standard_error":0.00510580257022497}}