{"mean":{"confidence_interval":{"confidence_level":0.95,"lower_bound":-0.023507304088195846,"upper_bound":-0.011258885118794448},"point_estimate":-0.017229039966481285,"standard_error":0.0031010207817912883},"median":{"confidence_interval":{"confidence_level":0.95,"lower_bound":-0.022121014479112522,"upper_bound":-0.011224830259779384},"point_estimate":-0.015309923791364866,"standard_error":0.0027121390198004626}}