{"mean":{"confidence_interval":{"confidence_level":0.95,"lower_bound":-0.012541734787056332,"upper_bound":0.005056929025316161},"point_estimate":-0.0021623306126482555,"standard_error":0.00456565164794505},"median":{"confidence_interval":{"confidence_level":0.95,"lower_bound":-0.00535250051640157,"upper_bound":0.00420847950855574},"point_estimate":-0.0003544444859532314,"standard_error":0.002465276351525394}}