{"mean":{"confidence_interval":{"confidence_level":0.95,"lower_bound":-0.03243757381789668,"upper_bound":-0.023584940066285705},"point_estimate":-0.028268241951414308,"standard_error":0.002241244828175931},"median":{"confidence_interval":{"confidence_level":0.95,"lower_bound":-0.0344973252015951,"upper_bound":-0.027819167808227907},"point_estimate":-0.030530791977172234,"standard_error":0.0018051084705704885}}