{"mean":{"confidence_interval":{"confidence_level":0.95,"lower_bound":-0.05146594422055868,"upper_bound":-0.009725501610000358},"point_estimate":-0.025932501637414562,"standard_error":0.011334940631875673},"median":{"confidence_interval":{"confidence_level":0.95,"lower_bound":-0.01940106982680434,"upper_bound":-0.009769627442329232},"point_estimate":-0.01616005742642157,"standard_error":0.002597445753484992}}