{"mean":{"confidence_interval":{"confidence_level":0.95,"lower_bound":0.003339990029640339,"upper_bound":0.01368373851135195},"point_estimate":0.008484359349750115,"standard_error":0.0026426134557221764},"median":{"confidence_interval":{"confidence_level":0.95,"lower_bound":0.0031826483121577542,"upper_bound":0.01434163754579455},"point_estimate":0.008231916975506293,"standard_error":0.0027244737721422805}}