{"mean":{"confidence_interval":{"confidence_level":0.95,"lower_bound":-0.14835414926719204,"upper_bound":-0.14035456173634808},"point_estimate":-0.14439067599541744,"standard_error":0.0020374730010381138},"median":{"confidence_interval":{"confidence_level":0.95,"lower_bound":-0.15024131836420518,"upper_bound":-0.14093669637698292},"point_estimate":-0.1451436055719969,"standard_error":0.002376405535782724}}