{"mean":{"confidence_interval":{"confidence_level":0.95,"lower_bound":0.0009635826841546462,"upper_bound":0.05013570915207515},"point_estimate":0.017597892811626492,"standard_error":0.012855672532369411},"median":{"confidence_interval":{"confidence_level":0.95,"lower_bound":-0.0014579830940616434,"upper_bound":0.011610912452598265},"point_estimate":0.006512562086068208,"standard_error":0.0031955179829983205}}