{"mean":{"confidence_interval":{"confidence_level":0.95,"lower_bound":0.010556524061751149,"upper_bound":0.019691431437900173},"point_estimate":0.014996175068032969,"standard_error":0.002329447839984711},"median":{"confidence_interval":{"confidence_level":0.95,"lower_bound":0.013073957481133158,"upper_bound":0.023562579931598604},"point_estimate":0.017197683522199192,"standard_error":0.002608020301972763}}